BRFS3,2013-07-01,0.412254
CIEL3,2019-09-13,0.003389
TAEE4,2017-11-17,0.089446
SAPR4,2013-04-26,0.09594
BBSE3,2017-08-11,0.791638
BBAS3,2011-11-18,0.125885
ENBR3,2013-04-11,0.094721
LREN3,2013-03-18,0.110322
BRSR6,2012-03-05,0.158394
BBDC4,2010-03-02,0.0144823
BBDC3,2013-12-26,0.320931
RENT3,2012-05-02,0.132664
LREN3,2019-12-26,0.076667
TIMS3,2018-07-26,0.099162
BBDC4,2017-09-04,0.0189747
HYPE3,2021-07-23,0.30817
WEGE3,2011-12-21,0.0823503
CPLE6,2019-12-26,2.46692
ITSA4,2012-09-03,0.0146975
VIVT3,2016-10-03,0.360985
CPLE6,2016-04-29,1.25473
ITUB4,2013-08-01,0.0149997
MGLU3,2018-04-17,0.26448
BRSR6,2017-11-14,0.073342
B3SA3,2013-11-12,0.355023
TIMS3,2016-04-13,0.193624
BBDC3,2013-08-02,0.0187224
GOAU4,2015-05-22,0.02
HGTX3,2015-04-30,0.305967
ELET6,2015-05-04,0.103847
BRDT3,2020-12-22,0.4278
ITUB4,2018-01-02,0.015
TUPY3,2016-08-11,0.300725
USIM5,2019-01-08,0.079187
BBDC3,2017-12-26,0.754465
BBAS3,2012-08-22,0.124066
TAEE4,2021-05-05,0.54373
SAPR4,2012-01-02,0.153156
PETR4,2019-12-27,0.421942
ITUB4,2021-03-26,0.05064
BBDC4,2020-09-02,0.0189739
ABEV3,2010-03-19,1.09877
ITSA4,2020-08-18,0.02
BBDC4,2016-01-05,0.0189744
BRML3,2012-04-25,0.150657
ITSA4,2013-03-06,0.123264
SBSP3,2015-04-07,0.36913
BBDC4,2012-03-02,0.0159951
SULA4,2019-09-25,0.0515865
TRPL4,2010-07-08,0.34928
BBDC3,2010-06-02,0.0119491
ITSA4,2019-02-22,0.4532
ITSA4,2019-08-16,0.3405
TUPY3,2017-08-21,0.346795
ITUB4,2010-11-01,0.0119998
BBAS3,2019-02-22,0.591888
BBAS3,2015-12-14,0.274491
B3SA3,2010-08-24,0.354051
BBDC3,2019-05-03,0.0172486
TRPL4,2011-05-02,0.10916
CSAN3,2017-05-02,3.72664
HGTX3,2012-06-18,0.128
TOTS3,2015-08-04,0.179001
BRSR6,2011-12-15,0.146579
HYPE3,2018-04-06,0.212009
B3SA3,2011-05-03,0.620172
EQTL3,2017-04-28,3.03995
BBDC4,2016-09-02,0.0189747
HGTX3,2012-10-18,0.6089
EGIE3,2012-11-26,0.42313
BBAS3,2017-08-22,0.204303
LCAM3,2017-03-29,0.263232
ABEV3,2011-03-04,0.55937
CSNA3,2013-04-02,0.37144
GGBR4,2017-11-22,0.03
BBDC4,2015-02-10,0.157469
BRDT3,2020-08-03,0.512499
SUZB3,2014-05-02,0.10545
CIEL3,2020-01-31,0.008912
BBDC4,2016-12-02,0.0189747
CPFE3,2017-01-13,0.217877
ECOR3,2013-11-12,0.318517
VIVT3,2016-01-04,0.168233
COGN3,2019-11-21,0.004738
SULA4,2020-03-27,0.121693
BIDI11,2020-04-01,0.069465
CPFE3,2020-05-04,1.80097
ITUB4,2012-09-03,0.0149997
B3SA3,2021-03-25,1.75718
CCRO3,2017-10-20,0.438614
YDUQ3,2017-04-20,0.283478
GOAU4,2014-05-22,0.11
BBDC3,2011-07-04,0.0131507
BRML3,2014-12-04,0.154647
EMBR3,2015-06-23,0.04
MRFG3,2011-05-03,0.014036
SAPR4,2021-01-04,0.099453
GOLL4,2010-03-30,0.701581
BRSR6,2017-05-05,0.040778
BBAS3,2011-08-19,0.212075
ITSA4,2021-04-28,0.02131
VALE3,2016-12-02,0.166294
BBDC3,2012-06-28,0.159145
ITUB4,2019-10-01,0.015
BBDC4,2018-02-02,0.0189747
GOAU4,2013-08-13,0.11
TIMS3,2011-04-12,0.200591
VIVT3,2018-07-02,0.222144
BRSR6,2018-10-30,0.171097
VIVT3,2020-12-29,0.864839
TAEE4,2018-12-18,0.133092
BPAC11,2017-07-06,0.686992
CMIG4,2015-05-04,0.434637
IGTA3,2011-04-28,0.312968
ITUB4,2016-04-01,0.0150002
RADL3,2020-03-27,0.142475
KLBN11,2017-05-05,0.063325
BBDC3,2018-01-03,0.0172498
ITSA4,2018-09-03,0.015
EZTC3,2013-04-29,0.542682
BBAS3,2017-03-14,0.072115
MGLU3,2015-04-28,0.108864
CYRE3,2020-04-27,0.256908
ITUB4,2013-01-02,0.0149997
GGBR4,2016-08-23,0.03
ENGI11,2018-03-01,0.498489
ITSA4,2019-12-02,0.02
BRSR6,2020-06-10,0.18016
TIMS3,2019-08-12,0.152419
EGIE3,2014-11-11,0.582334
B3SA3,2016-12-22,0.61767
PCAR3,2013-08-01,0.118182
BBDC3,2013-12-03,0.0187224
BBDC3,2015-01-05,0.0187038
TOTS3,2020-12-22,0.1
ITSA4,2014-08-14,0.0812735
WEGE3,2013-09-25,0.0764691
ITUB4,2015-02-11,0.8443
ITUB4,2018-06-01,0.015
BBDC4,2021-07-05,0.539008
BBAS3,2016-08-23,0.139965
KLBN11,2016-05-02,0.111861
GOAU4,2015-03-17,0.07
ABEV3,2011-07-01,0.428705
BBDC3,2020-11-04,0.0172491
BBDC4,2011-12-13,0.633828
VIVT3,2011-01-03,0.374376
BBDC4,2018-07-03,0.0189733
ITSA4,2016-06-01,0.0149017
EMBR3,2014-12-16,0.12
LREN3,2015-09-24,0.231455
LREN3,2017-03-22,0.0741682
SAPR4,2018-01-02,0.326724
EZTC3,2011-04-27,0.393464
BBAS3,2014-06-13,0.321041
PETR4,2018-12-26,0.716563
VALE3,2013-10-18,0.120605
CMIG4,2016-01-04,0.153226
USIM5,2015-04-29,0.032668
LREN3,2014-06-18,0.140082
BBDC4,2014-12-23,0.649399
CCRO3,2015-12-18,0.050408
BBDC3,2011-02-02,0.0131507
MULT3,2015-12-22,0.71877
BPAC11,2019-01-08,0.69266
QUAL3,2018-04-30,0.360813
ITSA4,2018-02-23,0.66925
UGPA3,2010-03-04,1.19
BRSR6,2012-09-04,0.148696
B3SA3,2013-05-22,0.077607
PCAR3,2011-08-02,0.081818
BBDC3,2017-07-03,0.172494
ITUB4,2011-03-01,0.0119998
LCAM3,2016-09-27,0.269226
BRML3,2017-05-02,0.0761599
VALE3,2010-04-15,0.421661
BBDC3,2014-02-04,0.0187224
VIVT3,2011-03-21,2.64899
ABEV3,2015-06-02,0.1
MULT3,2019-01-02,0.117766
ITSA4,2017-02-21,0.166697
ABEV3,2016-07-12,0.13
PETR3,2010-05-24,0.17
RADL3,2011-04-12,0.017915
CPFE3,2020-07-28,1.80097
ITUB4,2017-08-15,0.399
VVAR3,2013-09-27,0.644256
BBDC4,2016-04-04,0.0189744
SUZB3,2019-04-22,0.4447
UGPA3,2017-03-02,0.87
WEGE3,2018-03-05,0.0821158
RENT3,2021-05-03,0.024114
ELET6,2013-05-02,1.63369
JBSS3,2017-05-02,0.032978
ITSA4,2013-03-01,0.0146975
VIVT3,2016-07-01,0.089413
ITSA4,2014-03-05,0.0148665
BBDC4,2020-10-02,0.0189739
BRSR6,2019-05-17,0.284804
EQTL3,2011-05-02,1.40573
BBAS3,2019-09-12,0.232955
IRBR3,2018-11-08,0.537303
BRSR6,2011-05-23,0.140655
SAPR4,2015-04-29,0.07122
RENT3,2011-04-01,0.0574726
GOAU4,2021-05-17,0.21
BBDC3,2012-04-03,0.0159134
BBAS3,2016-06-14,0.137755
TUPY3,2010-04-29,0.00063
ITSA4,2017-09-01,0.0149996
RENT3,2012-07-02,0.0778306
LCAM3,2015-09-23,0.153936
RADL3,2010-03-23,0.077985
GNDI3,2019-03-29,0.150134
PETR3,2011-03-22,0.17342
B3SA3,2015-11-24,0.529668
BBDC3,2018-02-02,0.0172498
BBDC3,2015-04-02,0.0171616
MRFG3,2010-05-03,0.043941
MULT3,2012-05-02,0.274623
BBAS3,2019-03-07,0.590146
BBAS3,2010-12-23,0.203766
UGPA3,2015-08-13,0.8
PETR4,2011-11-14,0.2
ABEV3,2010-09-29,0.789625
WEGE3,2012-09-26,0.0649974
YDUQ3,2020-04-27,0.509723
LREN3,2010-04-23,0.793772
IGTA3,2012-04-25,0.379452
ALUP3,2018-04-27,0.11
LREN3,2017-12-20,0.0737121
ITUB4,2013-09-02,0.0149997
BBDC4,2012-08-02,0.0175946
EZTC3,2018-04-30,0.515591
GGBR4,2018-11-22,0.13
TAEE4,2020-12-16,0.05246
SUZB3,2010-05-03,0.01
KLBN11,2019-02-13,0.018999
ENGI11,2010-09-20,0.252005
ALUP3,2021-04-28,0.28
ABEV3,2017-12-19,0.31
PETR3,2019-08-13,0.2
BBDC3,2013-10-02,0.0187224
SULA4,2020-04-27,0.121693
B3SA3,2012-08-10,0.373131
GOAU4,2020-03-02,0.02
BBDC3,2010-05-04,0.0119491
CVCB3,2015-04-16,0.432677
ITUB4,2018-12-03,0.015
CPFE3,2014-04-30,0.557808
ENGI11,2019-08-14,0.28
ITUB4,2018-02-16,2.1126
EGIE3,2015-11-24,0.481048
KLBN11,2019-11-07,0.278926
ELET3,2010-02-01,3.25227
MGLU3,2020-01-02,0.035788
PCAR3,2010-04-30,0.357615
BRML3,2010-05-03,0.24225
BBDC4,2017-07-03,0.189743
ITSA4,2020-09-01,0.02
ITUB4,2012-10-01,0.0149997
ITSA4,2021-06-01,0.02
ITUB4,2017-02-21,0.7754
HYPE3,2020-03-30,0.29394
HGTX3,2019-08-08,0.3088
ITSA4,2011-03-01,0.0136747
JHSF3,2019-12-30,0.083152
ELET6,2021-04-28,1.045
BBAS3,2010-09-23,0.200244
GOAU4,2020-12-22,0.09
BBDC3,2011-12-13,0.573279
B3SA3,2014-05-20,0.334611
LREN3,2012-12-20,0.162999
TOTS3,2013-12-26,0.112227
ITUB4,2018-02-01,0.015
RADL3,2010-12-15,0.11082
QUAL3,2015-05-04,0.424009
GOAU4,2012-05-14,0.08
B3SA3,2013-08-22,0.440829
BRDT3,2019-12-05,0.473637
WEGE3,2019-02-25,0.082906
RADL3,2012-09-24,0.04389
TOTS3,2011-12-22,0.219066
TAEE4,2020-05-20,0.23388
BBDC3,2016-04-04,0.0172505
VALE3,2011-04-14,0.608247
QUAL3,2019-04-30,0.659317
MGLU3,2014-02-21,0.065696
VIVT3,2020-04-09,1.21934
CPFE3,2013-08-23,0.356659
RENT3,2015-07-01,0.123396
LREN3,2013-06-20,0.113395
HGTX3,2019-04-05,0.1423
B3SA3,2013-04-18,0.603711
ELET3,2012-05-21,1.27956
TUPY3,2018-11-13,0.346872
BBAS3,2017-11-22,0.223237
ITUB4,2013-03-01,0.0149997
ITUB4,2011-03-10,0.486794
ITUB4,2011-10-03,0.0119998
EZTC3,2017-12-07,2.66536
PETR4,2020-07-23,0.000461
ELET6,2021-02-04,1.57864
GGBR4,2010-08-17,0.14
LREN3,2011-09-26,0.156852
TAEE4,2017-05-23,0.172384
BBDC4,2019-12-13,0.669998
ENBR3,2021-04-12,0.728751
BBDC4,2013-08-02,0.0207006
VALE3,2019-12-27,1.41436
EGIE3,2010-10-01,0.438305
CSNA3,2021-05-03,0.652949
BRSR6,2012-06-05,0.160549
RENT3,2016-04-01,0.170174
CYRE3,2021-04-26,1.08727
LCAM3,2019-06-26,0.811107
BRSR6,2011-09-02,0.142543
BRKM5,2015-04-10,0.60625
PCAR3,2013-10-28,0.118182
TAEE4,2019-11-21,0.180497
RENT3,2019-06-25,0.104982
MOVI3,2021-01-06,0.147814
CMIG4,2010-12-17,1.2549
ENGI11,2012-03-22,0.180004
ENGI11,2015-05-04,0.533383
EMBR3,2011-09-26,0.09
PCAR3,2018-04-02,0.321878
ABEV3,2012-06-22,0.21398
BRDT3,2021-04-16,0.95037
UGPA3,2013-02-28,0.66
EGIE3,2018-04-24,0.975509
FLRY3,2020-01-03,0.112479
LCAM3,2017-09-27,0.201258
JBSS3,2013-04-29,0.059513
SANB4,2019-04-08,0.140343
WEGE3,2014-07-23,0.155402
BBDC3,2013-01-03,0.0159134
BRSR6,2014-09-04,0.1656
GGBR4,2012-11-13,0.07
PETR4,2010-04-23,0.1332
BBAS3,2010-02-26,0.468197
ITUB4,2020-04-01,0.015
BBDC3,2013-07-02,0.0187224
ENGI11,2013-05-27,0.163006
GGBR4,2014-05-22,0.07
PETR4,2020-04-28,0.000449
ABEV3,2010-09-30,0.789625
MRVE3,2019-11-18,0.370142
BBDC4,2017-03-02,0.0189747
ITSA4,2016-12-23,0.274186
BBDC4,2018-10-02,0.0189733
BBDC3,2020-10-02,0.0172491
YDUQ3,2015-04-29,0.328685
LAME4,2011-01-10,0.0106836
PETR3,2011-11-14,0.2
TRPL4,2019-08-05,0.562186
TRPL4,2011-10-11,0.399876
BBDC3,2017-05-03,0.0172498
ENGI11,2017-02-23,0.285136
BBDC4,2014-06-25,0.207022
BBDC3,2014-12-23,0.587302
HGTX3,2017-09-08,0.3089
ITUB4,2016-01-04,0.0150002
LAME4,2013-01-09,0.0115725
ITUB4,2011-07-01,0.0119998
RENT3,2012-03-16,0.0729825
CYRE3,2018-12-19,0.598713
SUZB3,2019-04-18,0.4447
ITUB4,2016-06-01,0.0150002
PETR3,2012-03-20,0.1244
CIEL3,2015-09-14,0.278978
ELET3,2010-05-03,0.347981
BBSE3,2018-12-12,1.3523
HGTX3,2019-01-04,0.2478
LCAM3,2018-04-02,0.210105
EGIE3,2017-05-30,0.627575
EMBR3,2013-06-25,0.04
CRFB3,2021-04-14,0.382379
PETR4,2019-04-26,0.019494
FLRY3,2010-12-20,0.153896
YDUQ3,2019-04-29,0.510182
BRAP4,2019-05-02,0.59492
CMIG4,2014-06-30,1.30548
PETR3,2010-08-02,0.17
WEGE3,2019-12-23,0.038236
LREN3,2016-03-16,0.0631463
SANB4,2020-05-08,0.125084
BBDC4,2018-09-04,0.0189733
EGIE3,2013-08-19,1.17591
IRBR3,2020-08-17,0.10162
TRPL4,2016-06-22,0.667796
ITUB4,2021-01-26,0.05016
CPLE6,2020-12-29,3.10016
CPLE6,2012-04-27,0.7484
BRKM5,2016-10-04,1.25716
MRVE3,2019-06-07,0.371014
VIVT3,2014-10-01,0.2089
BRKM5,2014-04-10,0.606189
QUAL3,2017-12-22,0.525371
SBSP3,2010-03-01,0.15
HYPE3,2018-07-04,0.20543
SANB4,2013-09-27,0.00113589
BBDC3,2012-05-03,0.0159134
CPLE6,2013-11-27,0.69111
BRSR6,2019-05-02,0.03378
CPFE3,2021-05-03,1.50183
LAME4,2012-03-12,0.07073
BBDC4,2016-10-03,0.628236
B3SA3,2015-04-16,0.309492
EZTC3,2010-04-30,0.269345
TAEE4,2021-05-19,0.451454
BRSR6,2013-11-25,0.152083
RADL3,2013-09-24,0.016645
ITSA4,2013-08-07,0.0700923
BBDC4,2013-01-03,0.0175946
B3SA3,2020-01-02,1.06153
FLRY3,2016-12-13,2.10842
ENBR3,2018-04-10,0.485702
SULA4,2019-01-02,0.137668
LCAM3,2016-06-28,0.267597
BBAS3,2013-06-12,0.281982
SAPR4,2011-01-03,0.023751
ITUB4,2016-10-03,0.0150002
WEGE3,2016-03-23,0.0552942
BRSR6,2020-12-30,0.048902
PCAR3,2019-03-29,0.679223
TOTS3,2014-12-23,0.120303
ABEV3,2013-09-16,0.64994
CYRE3,2019-12-11,1.04051
BRAP4,2015-11-03,0.408539
TIMS3,2020-12-21,0.240868
CIEL3,2012-03-16,1.22276
TAEE4,2019-05-20,0.093612
PCAR3,2014-04-17,0.535395
ITUB4,2014-09-01,0.0149992
GGBR4,2012-05-14,0.06
ITSA4,2013-09-02,0.0148079
WEGE3,2011-07-22,0.0969992
B3SA3,2011-06-22,0.153387
EQTL3,2010-04-30,1.99112
SANB4,2011-09-23,0.00100704
HAPV3,2019-07-03,0.15536
LCAM3,2015-01-15,0.141327
USIM5,2012-03-20,0.086646
ITSA4,2015-09-01,0.0149012
ENGI11,2013-01-31,0.46351
BRKM5,2016-04-07,1.25672
BBAS3,2019-03-12,0.156124
TOTS3,2016-12-22,0.248172
RADL3,2021-06-24,0.0303
FLRY3,2014-04-29,0.639824
RENT3,2013-01-02,0.0798345
ITUB4,2020-11-03,0.015
BBDC4,2015-07-02,0.0189744
ENBR3,2016-12-29,0.544471
TRPL4,2012-01-17,0.416724
QUAL3,2018-06-07,0.363017
VIVT3,2014-11-03,0.25535
ENBR3,2013-12-19,0.060519
BBDC4,2010-02-02,0.0144823
VIVT3,2015-08-03,0.122735
HYPE3,2020-12-29,0.29285
ITUB4,2014-08-14,0.32556
JBSS3,2016-05-02,0.405459
SULA4,2020-02-27,0.121693
MULT3,2018-09-27,0.13459
GGBR4,2014-11-18,0.05
HGTX3,2011-09-26,0.21
BBDC3,2015-02-10,0.142427
B3SA3,2020-03-26,0.954198
ITUB4,2011-04-01,0.0119998
LREN3,2019-04-18,0.279605
BRDT3,2020-07-29,0.0428
ITSA4,2020-12-11,0.10165
FLRY3,2017-08-02,0.187238
BEEF3,2012-03-07,0.197204
HAPV3,2021-01-04,0.002617
EMBR3,2011-06-21,0.1
ITUB4,2011-05-02,0.0119998
MRVE3,2018-12-14,0.33
CVCB3,2016-04-27,0.67077
PETR3,2018-12-26,0.051183
CSAN3,2019-05-03,3.99909
ITUB4,2020-02-21,0.4832
JHSF3,2012-03-27,0.046663
BBAS3,2018-06-12,0.077203
VIVT3,2017-03-02,0.099965
BBAS3,2014-09-12,0.336522
ITUB4,2017-11-01,0.015
SUZB3,2018-04-27,0.192228
ITSA4,2011-03-30,0.109103
TIMS3,2018-05-14,0.09504
EMBR3,2013-12-17,0.09
BBDC3,2010-12-02,0.013143
CCRO3,2020-04-13,0.297029
ALUP3,2017-04-26,0.170828
JHSF3,2013-05-02,0.115963
RENT3,2014-07-02,0.072001
BBDC4,2018-12-04,0.0189733
ITUB4,2012-07-02,0.0149997
RADL3,2019-03-27,0.172925
ENGI11,2014-02-28,0.408761
LAME4,2015-03-16,0.0508896
SUZB3,2015-05-04,0.12922
CIEL3,2017-09-18,0.369225
ITSA4,2014-09-01,0.0148673
VIVT3,2017-04-27,1.06296
EMBR3,2018-09-25,0.01
ITSA4,2011-03-10,0.0391869
VIVT3,2012-04-12,0.732386
B3SA3,2014-08-12,0.32814
B3SA3,2017-05-23,0.206622
CSNA3,2019-09-24,0.299003
CPFE3,2011-08-18,0.73455
SBSP3,2016-04-06,0.2193
BBDC3,2015-07-02,0.0171616
WEGE3,2020-12-21,0.036882
BRDT3,2020-05-04,0.0428
VIVT3,2017-07-03,0.052759
YDUQ3,2021-04-29,0.469672
ABEV3,2016-12-22,0.22
RENT3,2018-12-20,0.0745374
ITUB4,2018-08-20,0.624
ECOR3,2012-03-19,0.090919
BBDC3,2016-10-04,0.0172494
BBDC4,2010-06-02,0.0144797
ITSA4,2019-03-01,0.02
RENT3,2019-12-18,0.0997416
EGIE3,2020-08-10,0.830573
ITUB4,2014-03-05,0.0149997
KLBN11,2019-08-09,0.182155
RENT3,2021-06-30,0.096195
PETR3,2011-05-12,0.2018
USIM5,2021-05-26,0.005046
BBAS3,2013-03-04,0.261319
GGBR4,2015-11-10,0.04
BEEF3,2017-04-04,0.259896
GGBR4,2013-11-12,0.12
EGIE3,2018-12-27,0.486562
CSAN3,2020-06-04,5.99101
UGPA3,2020-02-28,0.24
BBDC4,2020-12-29,0.415273
ECOR3,2018-05-02,0.3682
TUPY3,2016-11-08,0.110974
BBSE3,2016-08-12,0.8361
BBDC4,2010-12-02,0.0144823
ALUP3,2020-04-28,0.23
COGN3,2018-05-18,0.110791
CPFE3,2016-05-02,0.206869
WEGE3,2012-03-21,0.0649974
TAEE4,2019-12-17,0.060138
KLBN11,2014-03-21,0.49165
LREN3,2016-09-27,0.069258
ITUB4,2017-07-03,0.015
BRAP4,2021-07-16,1.7808
RADL3,2011-12-23,0.044645
CMIG4,2017-05-15,0.117397
CSNA3,2018-08-23,0.644874
ITUB4,2020-02-03,0.015
BRFS3,2011-12-29,0.390809
RENT3,2010-05-03,0.0309503
GOAU4,2014-03-06,0.08
RADL3,2015-03-24,0.09809
ITUB4,2017-03-01,0.015
B3SA3,2010-03-01,0.038124
VIVT3,2020-01-02,0.749738
BBAS3,2012-05-11,0.06331
BBDC4,2011-12-02,0.0159951
UGPA3,2010-08-19,1.32
MULT3,2019-06-28,0.184584
BBDC3,2017-01-03,0.0172494
SANB4,2019-10-09,0.140427
LREN3,2014-04-22,0.829667
BBDC3,2016-08-02,0.0172494
IGTA3,2019-04-22,0.638281
ITUB4,2019-02-01,0.015
CSAN3,2010-08-02,1.96722
TUPY3,2017-06-14,0.346795
PCAR3,2010-05-18,0.072663
BBDC4,2020-01-03,0.018974
PETR3,2020-07-23,0.239895
COGN3,2015-05-13,0.054407
RENT3,2014-10-01,0.0766182
CPFE3,2019-05-02,0.480182
BBDC3,2011-08-02,0.0131507
TRPL4,2020-04-17,0.228164
HYPE3,2021-03-29,0.30881
ITSA4,2021-04-30,0.02131
BBSE3,2015-08-13,0.883769
BBDC3,2020-08-04,0.0172491
CIEL3,2012-09-14,1.14275
CPLE6,2010-04-28,0.2015
B3SA3,2015-08-24,0.428247
ITUB4,2010-06-01,0.0119998
TIMS3,2012-04-12,0.094787
KLBN11,2015-10-28,0.114626
TOTS3,2011-03-11,1.90698
EMBR3,2015-08-18,0.04
TRPL4,2017-11-21,2.2183
TAEE4,2017-08-17,0.067622
JBSS3,2015-05-04,0.16738
TRPL4,2020-07-07,0.151772
SANB4,2012-12-20,0.00113398
GOAU4,2021-03-12,0.08
BBDC3,2017-07-04,0.0172498
BBDC4,2018-04-03,0.0189733
BBDC3,2013-06-04,0.0159139
LCAM3,2014-03-24,0.172098
B3SA3,2018-04-24,0.293787
HGTX3,2010-12-20,0.122
EGIE3,2014-11-26,0.341636
KLBN11,2016-08-01,0.117915
KLBN11,2019-05-07,0.190694
GOAU4,2011-11-22,0.19
CIEL3,2021-02-02,0.005522
BBAS3,2017-12-12,0.082597
ENGI11,2018-08-15,0.279154
PETR4,2013-04-30,0.38617
CYRE3,2010-05-03,0.470341
VIVT3,2020-07-01,0.499825
LCAM3,2020-12-30,0.087663
BBDC4,2013-02-04,0.0206992
TAEE4,2018-11-12,0.23719
KLBN11,2016-02-04,0.13107
TRPL4,2012-07-02,1.04574
EGIE3,2020-12-21,0.67956
MRVE3,2017-05-16,0.29971
TRPL4,2015-11-26,1.38826
GGBR4,2010-11-17,0.12
BRSR6,2015-12-04,0.248005
CSNA3,2020-05-07,0.008871
CPLE6,2011-04-29,0.44049
EMBR3,2018-10-25,0.01
JHSF3,2011-05-02,0.234621
BBDC4,2010-01-05,0.0144823
WEGE3,2019-03-25,0.046412
SAPR4,2017-04-28,0.008559
TOTS3,2010-03-25,1.58909
TIMS3,2019-10-08,0.156471
BRAP4,2010-05-03,0.469549
FLRY3,2016-04-11,0.136674
BBDC4,2015-05-05,0.0172505
COGN3,2014-05-14,0.24322
WEGE3,2015-03-25,0.0835276
CPLE6,2014-11-07,1.46197
TAEE4,2018-05-15,0.245617
BBDC3,2012-11-05,0.0159134
ITSA4,2020-08-26,0.02
CIEL3,2010-09-15,0.0101225
CMIG4,2013-12-18,0.229627
CRFB3,2021-04-19,0.382372
BBAS3,2011-12-22,0.280441
BBDC3,2019-02-04,0.0172483
MOVI3,2019-07-01,0.075393
ABEV3,2016-11-01,0.16
B3SA3,2016-11-22,0.246267
BBDC3,2021-02-02,0.0172491
BBDC4,2016-06-23,0.189777
BBSE3,2017-02-17,0.853031
CVCB3,2014-04-29,0.102842
GNDI3,2020-03-26,0.166727
LCAM3,2020-07-02,0.093779
HGTX3,2015-10-29,0.1864
EMBR3,2014-06-24,0.05
CIEL3,2016-03-14,0.287448
LOGG3,2020-05-20,0.211742
CMIG4,2020-08-03,0.25858
ITSA4,2018-03-01,0.0149996
BBAS3,2020-12-14,0.116984
VIVT3,2015-04-10,0.015526
BBDC4,2015-08-04,0.0189744
BBDC4,2014-05-05,0.0207006
ENGI11,2016-03-01,0.285136
LREN3,2018-06-25,0.0726638
LWSA3,2020-12-09,0.127108
BRFS3,2014-01-02,0.419224
BBDC4,2019-06-04,0.018974
NTCO3,2019-12-27,0.016039
BBDC4,2010-08-03,0.0144823
BBDC3,2016-03-02,0.0172505
GOAU4,2015-08-25,0.02
VIVT3,2018-12-18,0.749738
RADL3,2020-09-25,0.030314
BBDC3,2013-04-02,0.0159139
BBAS3,2010-05-24,0.172912
RENT3,2019-09-10,0.10368
LCAM3,2018-01-09,0.648549
BRFS3,2012-06-29,0.115011
GOAU4,2011-05-20,0.1
B3SA3,2016-05-24,0.284922
EQTL3,2016-04-18,3.25
LCAM3,2020-09-21,0.092531
BEEF3,2011-03-04,0.062425
ITUB4,2013-07-01,0.0149997
ENGI11,2016-08-18,0.114652
LAME4,2011-03-28,0.0680581
SUZB3,2015-11-13,0.103371
CCRO3,2019-05-08,0.297029
CVCB3,2018-04-30,0.075637
EQTL3,2019-05-02,4.75
MRFG3,2011-01-03,0.099633
BBDC4,2011-09-02,0.0159951
BBDC3,2010-04-05,0.0119491
IGTA3,2014-04-25,0.315
EMBR3,2014-03-25,0.05
MOVI3,2019-09-30,0.067174
GOLL4,2011-05-05,0.188145
LREN3,2010-12-17,0.569456
EQTL3,2012-03-20,0.76325
BRAP4,2018-04-30,1.285
RENT3,2016-12-23,0.224467
BRSR6,2014-11-26,0.1669
MOVI3,2021-06-29,0.080166
BRSR6,2017-05-16,0.199817
ELET3,2020-05-04,1.59085
ENBR3,2015-04-13,0.13119
ITSA4,2015-12-10,0.120106
HGTX3,2011-06-20,0.09
ITUB4,2020-06-01,0.015
BBDC4,2021-07-02,0.018974
SANB4,2016-07-07,0.069772
RADL3,2016-09-27,0.14939
EMBR3,2014-04-29,0.066849
BRSR6,2021-05-03,0.055952
ITSA4,2020-12-01,0.02
TRPL4,2021-02-26,0.806156
ELET3,2021-04-28,0.949999
TIMS3,2015-05-13,0.151751
BBDC3,2020-02-04,0.0172486
JHSF3,2014-05-02,0.046306
BBDC3,2020-04-02,0.0172486
BBDC4,2011-07-04,0.014541
CCRO3,2015-10-05,0.487534
BBDC4,2014-07-02,0.0207006
ITUB4,2016-05-02,0.0150002
EQTL3,2014-04-28,0.45
BRML3,2019-05-02,0.083294
BPAC11,2021-01-07,0.622624
BBAS3,2014-02-14,0.132155
SAPR4,2014-01-02,0.151815
CCRO3,2021-04-09,0.089842
ITUB4,2014-02-19,0.5236
HGTX3,2021-04-30,0.106851
RADL3,2012-03-22,0.18009
ECOR3,2011-04-27,0.257162
ELET3,2011-06-17,0.877025
GOAU4,2018-05-22,0.04
SANB4,2017-10-09,0.069951
SAPR4,2010-01-04,0.026232
SULA4,2020-06-18,0.0643639
RENT3,2018-06-29,0.0649551
ELET6,2011-06-17,1.719
LREN3,2011-03-15,0.149804
HYPE3,2017-04-20,0.050897
LAME4,2015-01-09,0.0163992
CMIG4,2013-05-02,1.35875
BBDC3,2013-03-04,0.0187221
PETR3,2010-04-23,0.102085
ECOR3,2016-11-10,0.260093
VIVT3,2014-12-01,0.386857
GGBR4,2010-05-18,0.12
BRAP4,2011-11-01,0.747615
BBDC3,2018-08-02,0.0172483
ITUB4,2016-09-01,0.0150002
ENGI11,2013-08-12,0.116148
BBDC3,2011-02-14,0.0793656
BBDC3,2013-02-06,0.0661487
WEGE3,2014-06-25,0.07059
CIEL3,2013-03-14,0.054938
RADL3,2018-09-27,0.15789
EGIE3,2015-05-11,0.263628
PETR4,2012-05-14,0.2
GOAU4,2012-08-14,0.13
VIVT3,2020-05-29,0.944115
LAME4,2016-01-05,0.0351168
SAPR4,2018-04-27,0.013362
EMBR3,2013-09-24,0.04
BRSR6,2016-03-11,0.186328
ITSA4,2013-12-23,0.0849002
BBDC3,2020-03-03,0.0172486
WEGE3,2010-03-24,0.0430004
RENT3,2016-07-01,0.176597
COGN3,2013-05-15,0.152716
VIVT3,2013-11-01,1.07227
IGTA3,2011-12-01,0.378454
ECOR3,2011-11-09,0.247705
UGPA3,2012-08-09,0.51
FLRY3,2013-12-10,0.127964
BRML3,2018-11-27,0.083109
VIVT3,2020-09-29,0.360985
KLBN11,2015-03-20,0.11136
GOAU4,2013-05-20,0.02
PCAR3,2012-04-30,0.373331
BRSR6,2017-03-14,0.198206
BBDC3,2016-09-02,0.0172494
TRPL4,2010-10-08,0.353688
ITUB4,2014-06-02,0.0149997
BBDC4,2013-07-02,0.0207006
EGIE3,2011-08-11,1.00808
VVAR3,2013-04-15,0.014536
WEGE3,2012-06-27,0.0649974
RENT3,2011-01-03,0.0486064
BRSR6,2018-05-04,0.049382
BRAP4,2013-11-01,0.111604
RENT3,2011-05-02,0.118175
BIDI11,2020-07-28,0.031659
TOTS3,2013-03-06,0.480435
CVCB3,2018-12-11,0.376727
GOAU4,2010-08-17,0.22
GOAU4,2019-05-20,0.04
IRBR3,2020-08-10,0.098064
PCAR3,2013-04-18,0.593716
JHSF3,2010-05-03,0.070386
ECOR3,2014-11-25,0.50047
BBAS3,2012-06-22,0.298239
ENBR3,2016-04-14,0.597638
ITSA4,2017-12-26,0.16806
BBDC3,2020-12-29,0.377521
ITUB4,2014-04-01,0.0149997
RADL3,2010-06-22,0.082275
BBAS3,2014-08-20,0.07878
ITUB4,2017-02-01,0.015
VALE3,2014-04-15,0.898904
TRPL4,2017-06-02,0.819568
VIVT3,2016-04-29,0.714875
WEGE3,2017-10-02,0.0581178
BBAS3,2021-06-14,0.168519
MRVE3,2017-03-06,0.34
FLRY3,2014-11-07,0.639822
AMER3,2011-03-28,0.049955
GGBR4,2019-08-19,0.07
MGLU3,2019-10-08,0.073608
BRSR6,2020-03-11,0.246878
BBDC4,2017-10-03,0.0189747
SAPR4,2017-01-02,0.307278
VALE3,2010-10-15,0.471881
BRSR6,2010-06-07,0.105733
LCAM3,2019-09-25,0.78354
TRPL4,2014-04-02,0.19486
LREN3,2021-06-28,0.098314
BBDC3,2015-09-02,0.0171616
ABEV3,2016-02-01,0.13
ITUB4,2012-01-02,0.0119998
BBAS3,2016-03-03,0.090568
LREN3,2019-03-22,0.0922097
ITUB4,2010-07-01,0.0119998
MULT3,2017-09-27,0.325746
BBDC4,2016-08-02,0.0189747
ENBR3,2018-04-05,0.485702
RENT3,2016-10-03,0.158654
ELET3,2013-05-02,0.399059
ITUB4,2018-03-01,0.015
VIVT3,2014-04-24,0.110683
LREN3,2019-06-26,0.077036
YDUQ3,2016-04-28,0.374527
VIVT3,2021-04-16,0.941818
CSAN3,2013-08-01,2.96747
FLRY3,2019-03-07,0.687431
SAPR4,2019-01-02,0.341517
HGTX3,2017-05-08,0.4661
TAEE4,2020-11-17,0.45398
UGPA3,2018-08-10,0.56
EGIE3,2011-05-02,0.242469
CSAN3,2015-05-04,1.23197
ITSA4,2013-12-02,0.0148079
SANB4,2019-01-08,0.673594
ITUB4,2021-06-01,0.015
BBDC4,2016-07-04,0.0189747
ITSA4,2011-06-01,0.0136977
SAPR4,2016-01-04,0.235383
BBAS3,2015-03-24,0.376992
CCRO3,2018-04-17,0.049592
BBDC3,2014-07-02,0.0187224
BBDC4,2014-03-06,0.0207006
BBDC4,2015-10-02,0.0189744
ITSA4,2010-03-03,0.177004
MRVE3,2016-05-17,0.353745
TOTS3,2012-03-22,0.403764
GGBR4,2018-08-22,0.14
BBDC4,2013-12-03,0.0207006
CCRO3,2012-10-01,0.54
SBSP3,2012-02-17,2.54
BBDC4,2021-06-02,0.018974
BBAS3,2012-11-19,0.106932
MULT3,2014-12-23,0.451533
BRSR6,2015-03-05,0.188255
EQTL3,2018-01-04,0.55
GOAU4,2010-05-18,0.16
CIEL3,2017-03-16,0.166768
QUAL3,2017-09-11,0.35079
BBDC4,2012-09-04,0.0175946
HGTX3,2013-06-17,0.117
PCAR3,2012-06-12,0.1
VIVT3,2011-10-03,1.36201
CSNA3,2014-03-05,0.291501
IRBR3,2018-03-22,0.005655
ITUB4,2017-05-02,0.015
BBAS3,2015-05-22,0.451138
BRSR6,2012-11-27,0.151837
ITUB4,2014-12-01,0.0149992
ITSA4,2013-06-03,0.0148079
BBDC4,2014-02-04,0.0207006
BRML3,2010-05-04,0.244041
ITSA4,2010-03-01,0.013657
WEGE3,2018-12-26,0.051412
TOTS3,2012-12-26,0.248244
BRSR6,2013-03-05,0.147334
RENT3,2011-07-04,0.0613692
PCAR3,2012-08-01,0.1
RADL3,2015-06-23,0.108115
ITUB4,2020-08-03,0.015
BBDC4,2013-12-26,0.354825
VIVT3,2018-04-13,0.911828
TUPY3,2013-04-15,0.18412
BRAP4,2013-04-30,0.59251
VIVT3,2014-01-02,0.634675
HYPE3,2016-05-03,0.210603
EMBR3,2015-03-17,0.04
ITUB4,2018-11-01,0.015
ITUB4,2014-05-02,0.0149997
BBAS3,2013-12-12,0.309285
MOVI3,2018-04-05,0.021911
LREN3,2018-12-27,0.088935
FLRY3,2013-08-08,0.279256
CVCB3,2015-12-21,0.103654
B3SA3,2018-06-28,0.663444
BRML3,2019-05-29,0.065233
LREN3,2021-04-30,0.03894
ELET3,2013-12-30,1.02301
TRPL4,2011-04-07,0.36464
CRFB3,2019-05-22,0.045373
BBAS3,2017-03-02,0.025907
BRSR6,2018-02-27,0.206614
TRPL4,2018-06-06,4.61573
QUAL3,2021-05-10,2.00909
COGN3,2015-08-13,0.06106
LCAM3,2020-04-03,0.096412
SUZB3,2013-05-02,0.08655
BBDC4,2015-06-02,0.0189744
EQTL3,2015-12-28,1.75
LREN3,2019-09-25,0.077966
BBDC4,2014-09-02,0.0207006
ITUB4,2021-03-01,0.015
HAPV3,2018-12-17,0.18432
PETR4,2019-11-12,0.200925
BRSR6,2020-12-11,0.102695
B3SA3,2018-09-24,0.528381
CYRE3,2015-04-29,0.041499
BBDC3,2018-04-03,0.0172483
BRSR6,2014-06-05,0.163003
FLRY3,2017-03-15,0.452742
ENBR3,2019-01-02,0.724125
CYRE3,2011-05-02,0.337021
BBDC3,2010-03-02,0.0119491
BBDC3,2019-11-04,0.0172486
HGTX3,2018-11-09,0.2478
RADL3,2021-03-12,0.026664
RADL3,2015-09-22,0.119655
CVCB3,2019-12-26,0.37754
MOVI3,2018-04-27,0.003658
TRPL4,2010-04-09,0.4075
TOTS3,2017-12-28,0.106491
JHSF3,2020-10-08,0.067137
B3SA3,2014-11-18,0.314442
COGN3,2018-11-19,0.081225
SANB4,2017-08-03,0.069881
TUPY3,2011-05-02,0.72991
WEGE3,2017-07-24,0.0530036
BBDC3,2015-03-03,0.0171616
ITUB4,2011-09-01,0.0119998
GGBR4,2011-03-15,0.06
BBDC3,2014-04-02,0.0187224
COGN3,2014-07-04,1.79871
GGBR4,2011-11-22,0.12
EGIE3,2018-08-21,1.75573
ITSA4,2019-12-13,0.00595
ITUB4,2019-08-01,0.015
BRML3,2019-03-29,0.065233
GOAU4,2013-03-05,0.02
BBDC3,2010-11-03,0.013143
BBDC3,2018-07-03,0.0172483
BIDI11,2020-07-06,0.06942
ABEV3,2012-12-27,0.90341
COGN3,2013-04-23,0.056708
BRAP4,2017-12-26,0.955695
B3SA3,2010-12-22,0.041202
MOVI3,2021-06-30,0.090564
ITUB4,2017-12-01,0.015
MOVI3,2018-07-02,0.0326
CIEL3,2015-03-16,0.491265
MRVE3,2019-06-04,0.371094
BBDC4,2020-08-04,0.0189739
BBDC3,2019-07-01,0.172536
WEGE3,2016-08-01,0.0363038
HGTX3,2016-12-08,0.261
CMIG4,2018-12-26,0.143216
ITUB4,2014-10-01,0.0149992
ECOR3,2014-03-26,0.037036
WEGE3,2015-09-23,0.054119
ENBR3,2011-04-08,1.53393
ITUB4,2018-09-03,0.015
EGIE3,2016-08-09,0.98844
BBDC4,2018-05-03,0.0189733
BBSE3,2013-08-20,0.414788
ITUB4,2020-08-18,0.0529
GOAU4,2014-08-12,0.07
ITUB4,2012-06-01,0.0149997
JBSS3,2019-05-02,0.002245
LREN3,2013-04-19,1.4793
LCAM3,2021-03-25,0.087992
ITUB4,2010-05-03,0.0119998
BBAS3,2018-11-22,0.416893
ABEV3,2010-12-01,0.254725
BBDC4,2015-01-05,0.0207006
LAME4,2014-01-09,0.0136575
SAPR4,2016-04-29,0.007701
VIVT3,2021-05-03,0.166113
BRSR6,2015-06-03,0.206384
QUAL3,2015-10-20,1.46896
LAME4,2013-09-09,0.0273555
GGBR4,2012-08-14,0.09
CIEL3,2010-03-15,0.0072002
HGTX3,2016-04-28,0.2486
CSNA3,2019-04-29,0.65091
LCAM3,2012-12-12,0.205533
PETR4,2018-08-14,0.05
TOTS3,2013-08-02,0.13248
SANB4,2014-09-26,0.030551
FLRY3,2018-01-03,0.131323
BBDC3,2011-09-02,0.014467
ITUB4,2021-04-01,0.015
UGPA3,2011-03-03,0.47
HYPE3,2019-10-03,0.25537
WEGE3,2018-09-24,0.039294
EGIE3,2010-11-18,0.33704
BBDC4,2013-02-06,0.0731334
CSAN3,2014-10-15,1.47835
LCAM3,2013-09-19,0.188865
KLBN11,2016-11-04,0.127764
BRSR6,2019-11-12,0.260983
CIEL3,2011-03-15,0.616235
BBDC4,2020-03-03,0.018974
PETR4,2011-04-29,0.1265
TIMS3,2020-01-20,0.102353
ITSA4,2017-06-01,0.0149996
BBDC4,2012-01-03,0.0159951
MULT3,2015-04-30,0.10539
ALUP3,2018-12-07,0.06
BBDC4,2012-12-26,0.563815
BBDC4,2018-06-04,0.0189733
BRKM5,2017-12-04,1.25672
ITUB4,2017-09-01,0.015
TAEE4,2018-08-10,0.159023
BBDC4,2018-11-05,0.0189733
LCAM3,2015-06-25,0.216315
QUAL3,2021-01-04,0.119719
BBDC4,2019-04-02,0.018974
TIMS3,2010-04-28,0.125056
RENT3,2017-03-16,0.191613
CCRO3,2011-04-20,0.228308
BBDC3,2019-12-20,0.503379
RADL3,2020-04-14,0.061145
VIVT3,2015-01-02,0.39703
BBDC4,2017-02-02,0.0189747
KLBN11,2017-08-02,0.129926
KLBN11,2018-05-03,0.144397
FLRY3,2019-01-03,0.12696
QUAL3,2020-10-14,0.169317
ITUB4,2021-04-28,0.05648
RENT3,2012-01-02,0.0712217
MULT3,2019-10-01,0.134171
RADL3,2013-12-13,0.042375
ECOR3,2010-12-09,0.019754
EGIE3,2011-11-18,0.389113
ENBR3,2014-12-30,0.276368
RENT3,2013-11-01,1.202
PETR4,2011-05-12,0.2136
ABEV3,2017-06-26,0.16
BPAC11,2020-07-23,0.589448
EQTL3,2020-07-09,0.319968
BBDC3,2018-07-02,0.172466
EMBR3,2017-03-21,0.04
BBDC4,2015-03-03,0.0207006
CCRO3,2020-10-02,0.184774
BRSR6,2015-09-10,0.228695
BBDC3,2016-06-23,0.172524
BBDC4,2015-06-23,0.189893
GOAU4,2012-11-13,0.09
BBDC3,2012-08-02,0.0159134
EGIE3,2013-02-20,0.88309
BRAP4,2021-04-01,2.71572
BBDC3,2013-05-03,0.0159139
JBSS3,2014-05-02,0.07675
EMBR3,2010-09-27,0.0255
BBDC3,2021-05-04,0.017249
ITUB4,2016-07-01,0.0150002
ITUB4,2020-10-01,0.015
HYPE3,2019-12-26,0.30424
CMIG4,2010-04-30,0.648852
BBSE3,2019-08-12,0.898819
CPFE3,2012-08-16,0.628972
VIVT3,2020-04-01,0.083304
BBDC4,2021-01-05,0.0189739
ITUB4,2020-12-01,0.015
BBDC3,2017-06-02,0.0172498
PCAR3,2020-05-04,0.582024
BBDC3,2020-06-02,0.0172491
BBDC3,2012-01-03,0.014467
GOAU4,2019-11-12,0.02
ABEV3,2021-01-14,0.0767
CMIG4,2012-04-30,0.902158
TIMS3,2014-05-13,0.35346
VVAR3,2015-04-24,0.17253
TRPL4,2020-07-08,0.151772
LCAM3,2018-09-25,0.64773
EZTC3,2020-04-29,0.294083
BBDC4,2019-09-03,0.018974
EMBR3,2014-09-23,0.05
WEGE3,2020-06-29,0.038236
JHSF3,2013-04-15,0.069578
ITUB4,2012-02-01,0.0119998
GGBR4,2012-02-28,0.08
CPLE6,2019-04-30,0.37881
VALE3,2015-10-16,0.37361
VALE3,2018-03-07,0.488511
PCAR3,2016-04-28,0.013703
BBDC4,2015-12-02,0.0189744
CIEL3,2018-09-17,0.529617
RENT3,2017-07-07,0.178614
IGTA3,2019-03-06,0.212709
SAPR4,2010-07-01,0.061365
IGTA3,2010-11-12,0.4154
HGTX3,2015-05-28,0.1725
ITUB4,2015-09-01,0.0150002
EGIE3,2014-09-12,0.7075
BBAS3,2018-03-02,0.24567
BBDC3,2012-03-02,0.014467
RADL3,2010-09-17,0.08871
VIVT3,2016-04-01,0.187157
COGN3,2019-08-21,0.033692
BRSR6,2013-06-05,0.148532
RENT3,2020-03-16,0.089006
WEGE3,2017-07-03,0.0605878
CPLE6,2017-05-02,1.94342
EMBR3,2016-09-27,0.02
SAPR4,2014-04-28,0.141492
PCAR3,2010-08-04,0.072663
ELET6,2014-05-02,1.63369
WEGE3,2016-06-29,0.0667056
BBAS3,2016-03-14,0.098285
COGN3,2016-05-13,0.123215
QUAL3,2019-07-25,0.647259
TAEE4,2019-08-09,0.240669
TOTS3,2019-12-26,0.230001
VIVT3,2018-09-18,1.55501
SANB4,2013-06-26,0.00163798
BBDC3,2018-12-26,0.663821
PCAR3,2014-11-11,0.127272
BBDC3,2016-01-05,0.0172505
BBSE3,2015-02-13,0.785018
EGIE3,2016-05-11,0.320952
GGBR4,2011-08-16,0.09
RADL3,2017-09-28,0.15468
BRDT3,2018-04-26,0.388501
BBDC3,2010-02-02,0.0119491
ITSA4,2011-12-01,0.0136977
FLRY3,2018-08-01,0.182569
CCRO3,2013-04-19,0.057077
LREN3,2014-09-18,0.143657
ITUB4,2010-10-01,0.0119998
MOVI3,2020-01-06,0.133723
PCAR3,2021-05-06,2.17688
BRAP4,2012-04-30,0.700146
VULC3,2010-05-03,0.39158
MGLU3,2019-04-16,0.370272
JHSF3,2020-08-19,0.078771
HGTX3,2017-06-08,0.2666
LREN3,2021-04-26,0.03894
BBSE3,2014-08-19,0.597661
ABEV3,2014-01-15,0.153986
ITUB4,2013-12-02,0.0149997
BBDC3,2012-12-04,0.0159134
CSAN3,2014-05-02,1.4843
MOVI3,2018-12-21,0.142864
BBDC3,2010-09-02,0.013143
LCAM3,2013-03-21,0.17082
ITSA4,2018-06-01,0.0149996
LREN3,2013-09-19,0.117164
B3SA3,2020-07-01,0.440388
EMBR3,2018-03-16,0.02
VIVT3,2013-04-17,1.25162
LAME4,2016-10-06,0.021129
JBSS3,2010-05-03,0.026459
WEGE3,2016-02-24,0.0809458
VIVT3,2013-01-22,1.37791
VIVT3,2021-04-01,0.160098
RADL3,2014-09-23,0.06681
SANB4,2014-03-27,0.000304491
ENBR3,2021-01-05,0.271248
IRBR3,2019-03-22,0.208179
BBDC4,2019-07-01,0.18979
BRSR6,2013-05-02,0.080811
PCAR3,2019-06-28,0.129556
BBAS3,2010-03-25,0.201718
WEGE3,2012-07-25,0.100001
BBDC3,2019-08-02,0.0172486
ITUB4,2019-11-01,0.015
YDUQ3,2016-11-11,0.907916
EGIE3,2017-11-10,0.650332
BBDC4,2010-06-29,0.14481
PETR4,2011-03-22,0.17342
BBAS3,2010-08-19,0.20065
LCAM3,2019-01-02,0.590004
VIVT3,2015-02-11,1.58218
TOTS3,2017-08-04,0.201033
BRSR6,2021-01-04,0.078244
BBAS3,2011-02-22,0.32618
BBDC4,2017-04-04,0.0189747
ENGI11,2021-03-22,1.1
ITUB4,2017-04-03,0.015
BBDC3,2012-02-02,0.014467
ITUB4,2015-04-01,0.0149992
PETR3,2019-05-22,0.1
BBDC3,2012-07-03,0.187229
BBDC4,2016-10-04,0.0189747
HYPE3,2013-05-02,0.163013
BBAS3,2016-12-13,0.076932
UGPA3,2016-02-25,0.8
COGN3,2013-08-09,0.088276
CMIG4,2021-01-04,0.28426
B3SA3,2019-03-27,0.578853
USIM5,2019-07-04,0.011323
BRSR6,2019-08-13,0.273814
ELET3,2014-05-02,0.412252
LAME4,2016-07-06,0.038768
MGLU3,2020-12-30,0.026301
VVAR3,2018-04-27,0.011935
WEGE3,2013-03-27,0.0647067
HGTX3,2010-07-29,0.324999
RENT3,2010-10-01,0.0442861
TIMS3,2021-06-22,0.144654
BRSR6,2019-03-08,0.31219
GGBR4,2013-08-13,0.07
SULA4,2020-07-30,0.112496
ITUB4,2019-12-13,0.03756
MGLU3,2017-04-26,1.01734
BRSR6,2011-05-02,0.05703
ITUB4,2017-01-02,0.015
ITSA4,2014-12-01,0.0148673
BBAS3,2011-05-20,0.156962
B3SA3,2011-11-18,0.36342
BBDC3,2018-09-04,0.0172483
COGN3,2013-03-21,0.167188
SBSP3,2017-04-11,1.2048
LREN3,2019-04-22,0.252175
EQTL3,2014-12-22,1.5
PETR4,2020-04-23,0.000449
PCAR3,2015-05-19,0.136365
ITSA4,2021-05-28,0.0184
VVAR3,2016-04-27,0.000526
SANB4,2020-11-05,0.140539
RENT3,2010-07-01,0.0411814
WEGE3,2014-02-26,0.262998
ITUB4,2015-12-10,0.209001
ENBR3,2010-12-27,0.659304
EGIE3,2016-11-11,0.662589
MGLU3,2014-04-23,0.10736
ALUP3,2019-04-30,0.15
MRVE3,2011-05-18,0.180193
ITUB4,2012-08-02,0.2774
MRVE3,2012-05-18,0.377093
RADL3,2010-04-06,0.06594
TOTS3,2018-08-02,0.19962
ITUB4,2019-05-02,0.015
BBDC3,2011-05-03,0.0131507
ELET6,2010-05-03,1.67987
ABEV3,2017-01-24,0.07
WEGE3,2021-03-01,0.349358
BBDC3,2010-02-11,0.0193778
BBDC3,2014-05-05,0.0187224
ITSA4,2010-09-01,0.0136747
B3SA3,2015-05-19,0.37233
RENT3,2020-06-24,0.086217
BBAS3,2015-02-20,0.0912
B3SA3,2012-03-30,0.35226
EMBR3,2013-03-22,0.034
BBDC4,2017-08-02,0.0189747
ITSA4,2010-12-01,0.0136747
ITUB4,2017-12-15,0.1445
BBDC3,2010-08-03,0.013143
COGN3,2016-03-16,0.043432
ITSA4,2016-09-01,0.0149017
BBAS3,2016-09-13,0.126652
ITSA4,2021-05-25,0.0184
ITUB4,2011-12-27,0.288001
SANB4,2015-01-02,0.0959
TRPL4,2018-12-07,7.43683
VALE3,2011-08-12,0.933403
CVCB3,2019-05-02,0.023608
MULT3,2012-12-12,0.595662
BBAS3,2021-03-12,0.145714
YDUQ3,2010-04-20,0.380001
EMBR3,2018-04-24,0.072016
BBDC4,2020-12-02,0.0189739
PETR4,2018-11-22,0.1
RENT3,2018-03-29,0.0635565
SANB4,2011-06-01,0.00119698
LREN3,2020-09-23,0.082685
FLRY3,2012-08-06,0.127964
B3SA3,2011-02-22,0.064908
TUPY3,2015-08-14,0.742212
BBAS3,2011-09-22,0.278181
SANB4,2021-05-10,0.421278
ITUB4,2015-07-01,0.0149992
BBAS3,2020-08-24,0.441988
UGPA3,2021-03-05,0.44
ECOR3,2017-03-30,0.18639
ITSA4,2011-09-01,0.0136977
USIM5,2010-12-30,0.189246
ITUB4,2011-02-01,0.0119998
WEGE3,2020-07-27,0.126802
BBDC4,2019-05-03,0.018974
TRPL4,2020-12-17,0.837549
CSAN3,2018-05-03,4.43453
BBDC4,2017-05-03,0.0189747
BBAS3,2013-11-22,0.066615
ENGI11,2020-02-28,0.32
BEEF3,2021-01-04,0.042734
BBDC3,2016-11-03,0.0172494
LREN3,2017-04-20,0.11867
BRML3,2015-05-04,0.45764
WEGE3,2013-06-26,0.0600018
PETR3,2011-04-29,0.1265
CVCB3,2016-12-09,0.151186
HGTX3,2012-12-13,0.128
BBAS3,2021-02-23,0.435863
GGBR4,2013-03-05,0.02
HYPE3,2016-04-15,0.039397
BBDC4,2010-04-05,0.0144823
FLRY3,2011-12-20,0.06402
BRFS3,2011-06-30,0.335915
BBDC3,2020-12-02,0.0172491
BBDC4,2011-03-02,0.014541
B3SA3,2019-09-25,0.95283
BBAS3,2021-05-24,0.414445
BBDC4,2012-06-04,0.0175946
ENBR3,2019-04-17,0.061338
HAPV3,2019-04-23,0.121655
ITSA4,2012-03-01,0.144504
VIVT3,2014-09-01,0.25
BBDC3,2017-12-04,0.0172498
BRFS3,2010-12-29,0.204092
B3SA3,2017-12-22,0.784143
BBDC4,2014-12-02,0.0207006
WEGE3,2011-06-22,0.0764691
BBDC4,2019-10-02,0.018974
RENT3,2011-10-03,0.0658457
CMIG4,2013-12-06,0.483275
ITSA4,2016-12-01,0.0149017
VIVT3,2019-04-12,1.37101
TRPL4,2011-07-07,0.414452
CPFE3,2011-04-05,0.954972
BBDC4,2011-06-02,0.014541
ITUB4,2014-11-03,0.0149992
BRFS3,2015-01-02,0.534144
CIEL3,2014-09-15,0.679101
LREN3,2015-04-17,0.908498
BBDC4,2020-07-02,0.0189739
YDUQ3,2012-04-04,0.203193
ITUB4,2011-06-01,0.0119998
SULA4,2019-03-29,0.0674263
BBDC3,2015-10-02,0.0171616
BBDC3,2010-12-07,0.407716
SBSP3,2018-04-30,1.0298
BBDC3,2016-05-03,0.0172494
LAME4,2010-03-22,0.0188232
LREN3,2015-06-19,0.206952
VVAR3,2016-09-13,0.002066
BBDC4,2014-02-11,0.21321
KLBN11,2019-12-23,0.189746
BRAP4,2019-01-02,0.644055
ITUB4,2019-09-02,0.015
VIVT3,2021-03-01,0.088895
BRAP4,2015-04-27,0.382872
LAME4,2017-01-05,0.02441
ITUB4,2013-04-01,0.0149997
CPLE6,2011-08-19,0.86706
SULA4,2021-01-07,0.0525103
BBDC3,2020-02-18,0.0582131
CIEL3,2018-09-28,0.056185
LCAM3,2016-12-01,1.17424
CSNA3,2015-01-02,0.202358
ITUB4,2010-12-01,0.0119998
SANB4,2015-03-30,0.020842
FLRY3,2015-06-15,0.04159
BBDC4,2013-03-04,0.0175946
ITUB4,2013-06-03,0.0149997
RENT3,2020-09-11,0.087345
BBAS3,2012-12-13,0.297177
PETR4,2014-04-03,0.9672
CYRE3,2020-07-24,0.256908
VALE3,2012-10-17,1.18652
VIVT3,2015-09-01,0.131621
GGBR4,2016-11-22,0.02
BBDC3,2013-09-03,0.0187224
EZTC3,2012-04-30,0.531061
BBDC4,2010-09-02,0.0144823
COGN3,2013-11-08,0.113552
SANB4,2021-01-11,0.093458
SANB4,2011-12-22,0.00195202
MULT3,2011-05-02,0.578688
CCRO3,2010-04-29,0.23
PCAR3,2014-05-06,0.127272
KLBN11,2018-12-21,0.237496
BBAS3,2015-06-12,0.289894
CIEL3,2016-09-19,0.271012
PCAR3,2015-04-27,0.688991
KLBN11,2020-02-11,0.02182
BBAS3,2018-05-22,0.213954
ITSA4,2018-08-20,0.2088
ITUB4,2018-10-01,0.015
WEGE3,2010-06-30,0.049997
ASAI3,2021-04-29,0.316541
PETR3,2014-04-03,0.53808
ELET6,2020-07-30,1.78792
EQTL3,2013-05-02,0.85
BBDC3,2016-07-04,0.0172494
CPFE3,2018-04-30,0.275259
BBAS3,2013-05-22,0.09821
SANB4,2021-02-17,0.071968
BBAS3,2010-11-23,0.131424
HGTX3,2019-09-27,0.12
ITUB4,2016-03-01,0.0150002
BBDC3,2020-09-02,0.0172491
TOTS3,2019-08-13,0.189999
ITUB4,2015-12-01,0.0150002
BBDC3,2016-10-03,0.571124
ENBR3,2010-04-12,1.84305
WEGE3,2014-12-17,0.0765024
TRPL4,2016-12-05,0.834748
SULA4,2018-03-29,0.0590224
CIEL3,2020-12-30,0.055951
SULA4,2020-04-24,0.121693
ITSA4,2012-12-03,0.0146975
CSNA3,2012-04-30,0.82306
BBDC4,2014-08-04,0.0207006
UGPA3,2019-03-01,0.7
BRML3,2011-05-02,0.165218
RENT3,2017-12-15,0.0647462
TOTS3,2020-08-11,0.07
FLRY3,2015-08-19,0.06212
BBDC3,2019-06-04,0.0172486
BBDC4,2016-12-22,0.282393
PETR4,2012-03-20,0.1244
ITSA4,2016-03-01,0.0149012
LAME4,2019-01-07,0.074653
BBDC3,2014-02-11,0.192806
GGBR4,2013-05-20,0.02
BBDC3,2010-10-04,0.013143
RENT3,2016-01-04,0.159481
MULT3,2018-06-27,0.553785
BRDT3,2019-04-25,2.2064
IGTA3,2021-04-23,0.284066
CSAN3,2016-05-16,2.85816
BRSR6,2021-06-02,0.242267
VIVT3,2016-03-01,0.111072
BBDC3,2014-09-02,0.0187038
BBDC3,2016-12-02,0.0172494
BRFS3,2010-06-29,0.051966
PETR4,2010-08-02,0.17
PCAR3,2011-04-01,0.409186
BBDC3,2018-10-02,0.0172483
COGN3,2017-03-29,0.077311
SAPR4,2015-07-01,0.213315
HGTX3,2013-04-26,0.73
TOTS3,2015-12-22,0.191265
UGPA3,2016-08-18,0.8
SANB4,2016-01-04,0.418153
VALE3,2012-04-16,1.07528
PCAR3,2017-12-07,0.286432
HGTX3,2017-08-09,0.31
RENT3,2014-01-02,0.0807658
RENT3,2014-05-02,0.185379
ITUB4,2010-08-11,0.209526
ITUB4,2011-08-10,0.270601
PETR4,2019-05-22,0.1
HYPE3,2018-10-03,0.19966
BBDC4,2020-02-18,0.0640344
FLRY3,2021-01-07,0.234723
WEGE3,2019-09-23,0.040882
ABEV3,2019-12-20,0.4906
BBSE3,2020-01-10,1.3523
ENBR3,2012-12-27,0.270402
BBSE3,2020-02-14,1.91084
PCAR3,2018-10-03,0.405994
IGTA3,2010-04-29,0.251636
EMBR3,2016-06-21,0.04
VIVT3,2013-10-01,0.183722
BBDC3,2012-10-02,0.0187221
ITUB4,2019-01-02,0.015
LCAM3,2016-12-21,0.035145
BBDC4,2017-11-03,0.0189747
CSAN3,2011-08-01,1.96909
WEGE3,2018-03-26,0.0524706
RADL3,2018-03-27,0.154855
VIVT3,2015-12-01,0.13051
SBSP3,2010-12-28,2.0014
BIDI11,2019-12-27,0.163524
BBDC3,2015-06-23,0.171753
ENBR3,2020-01-02,0.390207
ENGI11,2014-08-20,0.279154
LREN3,2017-06-26,0.0642312
RENT3,2016-05-02,0.00500425
FLRY3,2021-03-03,0.494362
BBDC4,2011-08-02,0.014541
CRFB3,2021-06-21,0.088148
B3SA3,2021-06-30,0.214651
BBDC3,2011-11-03,0.014467
CSAN3,2012-08-01,2.47338
BBDC4,2010-12-07,0.449242
USIM5,2010-03-26,0.15373
ITUB4,2012-03-01,0.416401
CPLE6,2018-01-02,1.01887
BBAS3,2020-09-14,0.102862
ENBR3,2020-04-01,0.194262
CPLE6,2010-08-23,0.27742
BBDC3,2014-06-25,0.187245
HGTX3,2014-10-16,0.3037
ITUB4,2020-01-02,0.015
VIVT3,2012-11-26,0.937417
CMIG4,2019-05-06,0.448302
COGN3,2014-03-19,0.103396
VALE3,2011-10-17,0.634329
CIEL3,2019-06-12,0.079959
CPLE6,2018-12-28,1.0727
ITUB4,2015-01-02,0.0149992
BRAP4,2010-11-01,0.40188
RENT3,2015-01-02,0.0815696
CMIG4,2012-12-26,1.33856
CIEL3,2019-09-25,0.02879
MULT3,2010-05-03,0.339981
EMBR3,2013-05-07,0.041322
CMIG4,2016-12-27,0.291128
BBDC3,2018-05-03,0.0172483
BBDC4,2019-10-18,1.04352
SULA4,2018-01-02,0.120446
CPLE6,2021-04-30,0.079551
VALE3,2014-10-17,0.99087
MGLU3,2020-07-31,0.094164
TOTS3,2019-01-02,0.079848
LREN3,2020-04-17,0.375969
HGTX3,2020-12-17,0.2205
SANB4,2013-04-01,0.0006424
WEGE3,2013-07-31,0.185001
SAPR4,2021-07-01,0.103099
PETR3,2013-04-30,0.13431
TIMS3,2018-04-20,0.042695
BBAS3,2018-09-12,0.085491
GOAU4,2020-11-09,0.07
BBAS3,2014-05-20,0.081217
SANB4,2018-10-08,0.084148
B3SA3,2010-11-12,0.3573
KLBN11,2015-03-24,0.11136
LAME4,2010-10-18,0.0193613
KLBN11,2017-11-03,0.163772
HYPE3,2019-07-03,0.25562
BBDC4,2012-11-05,0.0175946
BBDC4,2012-02-02,0.0159951
ITUB4,2012-05-02,0.0149997
ITUB4,2021-02-26,0.146987
BRSR6,2021-03-08,0.22752
CPFE3,2013-04-22,0.447882
BBDC4,2020-11-04,0.0189739
ABEV3,2015-01-08,0.96
CVCB3,2014-03-11,0.102848
LREN3,2016-12-16,0.0720253
SUZB3,2016-04-26,0.258
ABEV3,2012-10-01,0.51345
MULT3,2020-12-29,0.454975
SBSP3,2015-04-02,0.36913
USIM5,2020-04-29,0.04345
BBDC4,2019-12-03,0.018974
IGTA3,2016-04-26,0.340031
ENBR3,2017-12-27,0.119949
BEEF3,2021-04-13,0.729812
AMER3,2010-03-22,0.090315
CPLE6,2018-05-16,0.8996
MULT3,2013-03-07,0.329643
VIVT3,2010-04-08,2.31973
BRFS3,2013-04-22,0.052051
CCRO3,2019-10-21,0.465346
ITUB4,2013-08-07,0.2774
MULT3,2017-12-28,0.326229
ITSA4,2015-12-01,0.0149012
VIVT3,2019-03-01,0.388753
TOTS3,2018-04-06,0.033237
PCAR3,2018-12-05,0.252186
SANB4,2012-06-29,0.000428582
BBAS3,2018-08-22,0.269662
ITUB4,2011-01-03,0.215001
GGBR4,2015-05-22,0.06
CPLE6,2021-04-01,0.578739
COGN3,2019-05-22,0.055537
LAME4,2013-03-18,0.06576
YDUQ3,2016-12-22,0.453958
BBDC4,2013-05-03,0.0175953
HGTX3,2010-04-16,0.36447
PCAR3,2018-05-04,0.264626
IRBR3,2017-11-08,0.537777
VIVT3,2017-01-02,0.335519
LCAM3,2012-10-01,0.210987
BBDC3,2010-07-02,0.0119491
BRSR6,2010-05-03,0.064528
EMBR3,2010-06-22,0.040571
LREN3,2015-12-18,0.0505962
ITUB4,2011-03-04,0.381801
CYRE3,2020-12-16,1.56045
RENT3,2020-12-16,0.084906
LREN3,2012-04-23,1.42354
ITUB4,2018-05-02,0.015
BRSR6,2019-06-06,0.07829
BBAS3,2013-08-23,0.780872
BBDC3,2020-07-02,0.0172491
MULT3,2013-12-18,0.239604
GOAU4,2017-11-22,0.02
ITUB4,2015-10-01,0.0150002
CIEL3,2014-03-17,1.16551
BBDC4,2015-11-04,0.0189744
BBDC4,2011-05-03,0.014541
ENGI11,2020-08-19,0.28
ITUB4,2020-07-01,0.015
ITSA4,2020-03-02,0.02
ITUB4,2021-05-03,0.015
BBDC4,2016-05-03,0.0189747
HGTX3,2015-12-17,0.2125
ECOR3,2013-04-26,0.457125
BBDC4,2012-05-03,0.0175946
CCRO3,2018-10-24,0.396039
ENGI11,2019-03-25,0.15
HYPE3,2018-01-02,0.92
ITUB4,2013-02-01,0.0149997
TRPL4,2013-12-26,1.29905
SANB4,2010-09-23,0.00113589
SULA4,2020-11-18,0.302208
ITUB4,2019-12-02,0.015
BBDC4,2014-11-04,0.0207006
ITUB4,2019-07-01,0.015
ITUB4,2018-08-01,0.015
BBAS3,2019-06-12,0.171054
KLBN11,2018-08-06,0.168147
MOVI3,2019-10-04,0.093238
EMBR3,2015-04-28,0.021875
MRVE3,2019-12-11,0.370116
FLRY3,2016-08-03,0.203252
EZTC3,2021-04-29,0.423955
VIVT3,2017-12-27,0.825622
BBDC3,2014-06-03,0.0187224
ITSA4,2011-08-10,0.0763135
BBDC4,2018-01-03,0.0189747
LREN3,2015-03-19,0.185324
HYPE3,2016-07-28,0.25
SANB4,2014-01-02,0.00180598
BBDC4,2011-04-04,0.014541
CCRO3,2016-03-16,0.283192
PETR3,2021-04-15,0.792834
ITSA4,2015-03-02,0.0149019
CSNA3,2010-05-03,1.02883
SANB4,2012-09-27,0.00125998
BRSR6,2017-08-15,0.20304
EMBR3,2017-04-25,0.101908
BBDC3,2021-04-02,0.0189739
ABEV3,2018-02-01,0.07
LAME4,2019-12-06,0.166555
ITUB4,2016-08-15,0.399
B3SA3,2019-06-26,0.57141
TUPY3,2019-05-22,0.173397
VIVT3,2010-10-01,0.614384
ITUB4,2012-04-02,0.0149997
BBSE3,2020-08-13,0.875255
BBDC4,2015-02-03,0.0206983
GOAU4,2019-08-19,0.04
BBDC4,2013-10-02,0.0207006
ENGI11,2015-06-30,0.040876
VIVT3,2021-07-01,0.3739
TUPY3,2014-12-18,0.176108
B3SA3,2017-08-22,0.120069
ITUB4,2014-08-01,0.0149992
BBDC3,2017-04-04,0.0172494
FLRY3,2019-07-31,0.20027
ABEV3,2011-10-03,0.09993
BRDT3,2019-12-03,0.463792
HGTX3,2017-11-30,0.2595
GGBR4,2020-11-09,0.12
USIM5,2019-04-24,0.068897
PCAR3,2013-05-06,0.118182
RENT3,2019-03-27,0.0964142
BBDC3,2018-03-02,0.0172498
TRPL4,2010-01-12,1.05955
BRKM5,2018-05-02,1.88574
MRVE3,2020-10-14,0.340143
LREN3,2018-09-25,0.0790548
SUZB3,2010-12-30,0.36372
CMIG4,2014-12-29,0.17621
CPLE6,2014-04-25,0.90366
GGBR4,2018-03-12,0.03
RENT3,2013-10-01,3.97562
MULT3,2013-06-28,0.238269
ITUB4,2014-07-01,0.0149992
EMBR3,2012-09-25,0.07
ITUB4,2017-08-01,0.015
TRPL4,2019-12-16,0.163679
BBDC3,2014-10-02,0.0187038
BBAS3,2016-05-24,0.133683
SULA4,2020-03-23,0.0688097
BBDC4,2019-02-04,0.0189733
COGN3,2016-11-17,0.075417
ITUB4,2020-03-02,0.015
VALE3,2021-03-05,4.26165
BBDC3,2019-04-02,0.0172486
BBDC4,2013-11-04,0.0207006
BBDC4,2020-06-02,0.0189739
EQTL3,2016-12-27,1.4
CSNA3,2013-11-14,0.743541
LCAM3,2019-03-27,0.922302
WEGE3,2021-06-28,0.020529
MRVE3,2013-05-16,0.262365
CPLE6,2015-04-24,0.92803
BBDC4,2013-06-28,0.20708
COGN3,2017-11-17,0.104508
RADL3,2019-12-12,0.14864
VIVT3,2020-11-30,0.236902
USIM5,2021-04-30,0.131916
BBAS3,2015-08-24,0.141039
CRFB3,2020-05-22,0.006045
ITUB4,2021-02-01,0.015
BRSR6,2021-06-04,0.242267
WEGE3,2014-09-24,0.0718016
BBSE3,2021-02-12,0.476121
BBAS3,2015-09-14,0.266078
LAME4,2011-10-24,0.029208
BBDC4,2012-06-28,0.175953
BBDC3,2019-10-02,0.0172486
BBDC4,2011-11-03,0.0159951
ECOR3,2018-11-06,0.345008
RADL3,2019-09-27,0.15774
TRPL4,2014-08-13,0.196312
CCRO3,2014-04-16,0.057077
ABEV3,2014-04-03,0.059994
CRFB3,2018-11-13,0.19166
MULT3,2014-07-01,0.372651
CIEL3,2018-12-20,0.060974
TRPL4,2011-01-17,0.349844
TUPY3,2016-11-17,0.173397
ITUB4,2015-05-04,0.0149992
LREN3,2011-12-20,0.158934
SAPR4,2019-07-01,0.356553
ITSA4,2012-06-01,0.0146975
ITSA4,2019-06-03,0.02
SANB4,2017-05-04,0.069716
ABEV3,2015-01-02,0.13
BRDT3,2018-12-12,0.493812
EMBR3,2017-06-13,0.04
CIEL3,2011-09-16,0.0442821
LAME4,2020-01-13,0.014667
LOGG3,2021-03-08,0.325427
USIM5,2010-10-08,0.244485
TAEE4,2019-05-06,0.055316
LREN3,2012-03-15,0.163991
SAPR4,2015-01-02,0.184029
IGTA3,2020-02-26,0.212652
LCAM3,2021-06-25,0.095688
CCRO3,2014-09-29,0.7359
SANB4,2020-01-06,1.09558
SANB4,2015-09-10,0.424393
PCAR3,2010-11-18,0.072663
ITSA4,2021-03-10,0.015456
RENT3,2021-03-30,0.084795
PETR3,2010-11-03,0.14
CYRE3,2019-07-11,0.780383
SAPR4,2020-01-02,0.319866
BRSR6,2016-06-14,0.187843
BBDC4,2016-06-02,0.0189747
ITUB4,2013-03-06,0.3824
KLBN11,2018-11-05,0.322996
ITSA4,2014-06-02,0.0148673
MULT3,2015-07-01,0.477072
WEGE3,2017-03-01,0.0636896
PETR3,2019-11-12,0.200925
BBSE3,2019-02-15,0.683892
BBDC4,2017-12-04,0.0189747
LREN3,2018-03-21,0.0723866
BBDC3,2014-12-02,0.0187038
WEGE3,2018-07-23,0.082394
SAPR4,2017-07-03,0.32655
RADL3,2014-06-24,0.06477
ELET6,2017-05-02,1.79227
BBDC4,2014-06-03,0.0207006
GOAU4,2011-03-15,0.09
LOGG3,2019-06-03,0.139977
GGBR4,2014-08-12,0.06
BRML3,2014-05-02,0.314523
BBDC3,2013-06-28,0.187298
VIVT3,2016-05-02,0.12218
MGLU3,2017-12-20,0.396096
BBDC4,2018-08-02,0.0189733
BBDC3,2021-06-02,0.017249
ITUB4,2019-02-22,1.0507
BIDI11,2019-10-01,0.054651
VALE3,2017-12-22,0.419912
HAPV3,2020-09-11,0.149085
CCRO3,2017-04-12,0.19802
EGIE3,2021-04-29,0.018649
BBDC3,2017-11-03,0.0172498
BBDC4,2011-02-02,0.014541
CSAN3,2016-02-19,2.80888
HAPV3,2021-01-08,0.025131
RENT3,2018-09-28,0.0673775
WEGE3,2020-02-26,0.167762
CIEL3,2017-06-30,0.119921
BRSR6,2018-08-16,0.215905
MGLU3,2021-07-06,0.015494
ECOR3,2015-05-15,0.418698
BBDC3,2018-11-05,0.0172483
VIVT3,2010-01-04,0.322946
ITUB4,2014-01-02,0.0149997
ENGI11,2012-08-10,0.252005
BBDC4,2019-08-02,0.018974
GGBR4,2018-05-22,0.08
BBDC3,2015-05-05,0.0171616
WEGE3,2015-07-29,0.0829998
VALE3,2020-09-22,2.40751
MRVE3,2010-12-30,0.156
BBDC3,2014-03-06,0.0187224
CCRO3,2012-04-16,0.057077
CIEL3,2019-02-25,0.261399
ENBR3,2014-04-14,0.062294
SANB4,2017-01-06,0.467631
ITSA4,2017-08-15,0.0789998
HYPE3,2019-04-12,0.25472
WEGE3,2020-09-28,0.03447
HGTX3,2014-04-24,0.3037
BBDC3,2017-10-03,0.0172498
BBDC3,2019-09-03,0.0172486
ABEV3,2014-07-29,0.16
IRBR3,2019-11-19,0.196907
TOTS3,2014-03-17,0.708921
EGIE3,2021-05-12,0.747117
LCAM3,2015-03-25,0.191925
MGLU3,2015-01-15,0.078176
EGIE3,2019-12-03,1.52881
CCRO3,2015-04-17,0.057077
IGTA3,2015-04-28,0.340119
BBDC3,2015-02-03,0.0187224
BBDC4,2011-02-14,0.0877484
QUAL3,2021-07-14,0.062234
ITUB4,2018-07-02,0.015
GGBR4,2020-03-02,0.03
RENT3,2019-05-06,0.0100685
BBDC4,2010-05-04,0.0144797
BBAS3,2010-05-25,0.207866
LCAM3,2017-12-22,0.20457
BBDC4,2010-02-11,0.0234849
BBDC4,2011-06-28,0.171073
BPAC11,2018-08-14,0.673452
BBDC3,2021-02-18,0.0198374
SANB4,2020-08-07,0.108217
BRFS3,2014-07-01,0.414214
RADL3,2018-06-27,0.153335
BIDI11,2021-03-22,0.04077
RENT3,2017-09-25,0.186486
TRPL4,2014-11-25,1.02214
BBDC3,2014-08-04,0.0187038
RENT3,2010-04-01,0.0452238
ITUB4,2011-08-01,0.0119998
KLBN11,2014-08-12,0.1659
BRSR6,2010-12-02,0.127664
BBDC4,2016-02-02,0.0189744
ITSA4,2012-12-26,0.202826
RENT3,2013-07-01,0.0744088
LREN3,2012-09-20,0.160815
TRPL4,2015-05-27,0.686168
COGN3,2019-04-05,0.026387
MGLU3,2020-04-14,0.718032
BBDC3,2018-06-04,0.0172483
BBDC3,2015-11-04,0.0171616
TUPY3,2018-03-19,0.346817
WEGE3,2020-03-23,0.030236
BBAS3,2016-11-22,0.109871
ITSA4,2011-01-04,0.0725631
SANB4,2011-06-22,0.00138313
BRKM5,2019-10-04,0.83862
CSNA3,2012-12-28,0.20576
RADL3,2017-03-27,0.15468
BIDI11,2021-07-23,0.036253
UGPA3,2014-08-14,0.71
ITUB4,2017-10-02,0.015
BBAS3,2013-09-12,0.313771
PETR4,2010-05-24,0.17
CRFB3,2018-08-02,0.061329
SANB4,2018-04-06,0.083963
BBDC3,2012-12-26,0.509954
BBDC3,2015-08-04,0.0171616
B3SA3,2012-11-22,0.139815
SULA4,2020-10-06,0.0660775
RADL3,2017-12-18,0.156195
ECOR3,2014-04-30,0.862312
ITUB4,2020-12-11,0.06396
RADL3,2012-06-22,0.055995
BBDC3,2019-07-02,0.0172486
CPFE3,2012-04-13,0.745121
BBAS3,2019-05-22,0.414838
COGN3,2017-05-19,0.115455
CIEL3,2017-12-28,0.117236
EQTL3,2018-04-30,5.50518
BBDC3,2011-06-02,0.0131507
JHSF3,2010-10-28,0.095725
LREN3,2011-06-28,0.15318
BBDC4,2019-01-03,0.0189733
RENT3,2012-10-01,0.0753406
BBDC4,2012-02-13,0.0415158
LAME4,2015-09-02,0.0443568
KLBN11,2017-04-26,0.054663
GGBR4,2011-05-20,0.06
MULT3,2011-11-24,0.561795
BBDC4,2015-04-02,0.0189744
CIEL3,2019-06-24,0.079959
LREN3,2014-12-18,0.145146
QUAL3,2016-05-02,0.796008
ABEV3,2018-12-19,0.32
CIEL3,2017-01-04,0.109654
EMBR3,2017-12-26,0.09
VALE3,2017-04-24,0.905572
EGIE3,2018-11-13,1
GGBR4,2019-05-20,0.07
VALE3,2013-04-17,0.864045
CMIG4,2016-05-02,0.332475
TUPY3,2018-05-15,0.260096
CSAN3,2021-05-06,1.03059
EMBR3,2018-12-27,0.01
ITSA4,2016-08-15,0.0784806
TRPL4,2010-05-05,0.504804
ITUB4,2015-08-13,0.346
ITUB4,2016-02-19,0.6544
SBSP3,2020-04-29,1.3767
TAEE4,2020-05-07,0.05976
B3SA3,2017-11-22,0.247374
WEGE3,2017-12-18,0.057057
BBDC3,2015-12-02,0.0171616
ELET3,2021-02-04,1.43513
TAEE4,2018-05-03,0.154161
PCAR3,2012-11-13,0.1
CMIG4,2014-11-10,0.842733
ITSA4,2014-12-22,0.0352848
TUPY3,2017-04-04,0.110974
IGTA3,2014-06-13,0.026412
BBDC3,2011-01-04,0.0131507
RENT3,2013-04-30,0.0258868
VIVT3,2019-07-01,0.53759
GNDI3,2021-04-27,0.286875
LAME4,2019-12-10,0.167624
HAPV3,2021-07-07,0.017684
EGIE3,2019-05-07,0.094006
BPAC11,2018-01-05,0.685288
BBAS3,2011-03-23,0.215096
SBSP3,2013-04-01,2.345
TIMS3,2013-05-13,0.153713
COGN3,2018-03-23,0.090548
YDUQ3,2013-05-02,0.267747
SUZB3,2017-11-30,0.183
BRML3,2013-05-02,0.471498
SANB4,2017-01-05,0.088831
RADL3,2015-02-27,0.087945
TRPL4,2015-05-07,0.19222
BBDC4,2010-10-04,0.0144823
CPLE6,2013-01-03,0.5272
LREN3,2016-04-22,0.184529
ITUB4,2021-01-04,0.015
BBDC4,2020-05-05,0.0189739
CYRE3,2018-05-08,0.520934
HGTX3,2016-11-07,0.2485
RADL3,2014-12-12,0.071365
LREN3,2014-03-19,0.136809
ITUB4,2016-11-01,0.015
BBAS3,2019-12-12,0.176174
GGBR4,2015-08-25,0.05
PETR3,2012-01-03,0.1773
EZTC3,2014-05-02,0.945975
RENT3,2015-10-01,0.141816
BBAS3,2012-09-12,0.285821
BBDC4,2018-03-02,0.0189747
VALE3,2021-06-24,2.18967
GGBR4,2019-11-12,0.04
RADL3,2011-06-22,0.044735
ELET6,2010-02-01,0.199746
HGTX3,2014-05-22,0.1393
BRFS3,2013-01-02,0.170718
CSNA3,2015-03-12,0.202633
VIVT3,2015-10-01,0.081638
B3SA3,2012-05-15,0.34848
LREN3,2020-04-30,0.019652
BRSR6,2018-12-07,0.073326
LREN3,2021-03-19,0.072917
LREN3,2020-03-20,0.073055
CMIG4,2011-12-12,1.18518
PCAR3,2011-05-20,0.081818
ELET3,2020-07-30,1.62538
RADL3,2015-12-14,0.130435
LAME4,2012-09-11,0.0275895
YDUQ3,2014-05-02,0.196612
SAPR4,2018-07-03,0.326103
MRVE3,2010-05-17,0.171394
BBAS3,2017-05-23,0.182939
LCAM3,2020-12-28,0.087663
RADL3,2020-12-17,0.028494
EMBR3,2010-04-30,0.076279
BBDC3,2014-01-03,0.0187224
GOAU4,2018-08-22,0.07
MRVE3,2019-11-19,0.370134
BRAP4,2011-04-29,0.164771
SANB4,2012-03-29,0.00100798
ENBR3,2011-12-14,0.8148
WEGE3,2010-12-22,0.049997
GGBR4,2017-08-22,0.02
GOAU4,2019-03-07,0.05
ALUP3,2018-02-02,0.07
SBSP3,2010-01-04,0.15
CYRE3,2017-05-02,0.094063
BRML3,2018-12-26,0.011872
ITUB4,2012-12-26,0.312
B3SA3,2011-08-29,0.36522
GGBR4,2014-03-06,0.07
BBDC3,2017-08-02,0.0172498
BIDI11,2019-12-30,0.054465
HGTX3,2012-05-03,0.65
RADL3,2017-06-27,0.148615
ABEV3,2015-12-22,0.15
SBSP3,2014-04-08,0.786331
TOTS3,2021-04-22,0.09
LCAM3,2018-06-27,0.654183
BRSR6,2015-05-04,0.029382
BBDC3,2016-02-02,0.0172505
PETR4,2011-08-03,0.2073
QUAL3,2017-05-02,0.492423
B3SA3,2010-05-13,0.173988
ITUB4,2018-12-18,0.0106
ITUB4,2021-05-25,0.04874
BBAS3,2017-09-12,0.076292
BBDC4,2012-10-02,0.0206992
VIVT3,2011-04-01,2.63251
EQTL3,2020-07-20,0.319968
IGTA3,2013-04-25,0.401743
PETR3,2011-08-03,0.2073
CMIG4,2014-05-02,0.859991
BBSE3,2018-02-23,0.957634
TRPL4,2018-04-18,0.514164
RADL3,2016-06-27,0.14514
TOTS3,2020-04-28,0.130143
MRVE3,2010-05-20,0.171379
ITUB4,2013-10-01,0.0149997
WEGE3,2011-02-23,0.162997
CPLE6,2018-06-18,0.08996
ITSA4,2021-01-26,0.0208
GOAU4,2011-08-16,0.15
EZTC3,2021-04-30,0.423955
SAPR4,2013-07-01,0.150825
BBAS3,2015-11-24,0.170805
TAEE4,2020-08-18,0.270253
ITUB4,2019-03-01,0.015
BBAS3,2014-03-12,0.314638
VULC3,2011-04-26,0.10372
SAPR4,2016-07-01,0.314592
CCRO3,2011-08-30,1.59
SANB4,2010-07-01,0.00226225
TOTS3,2010-12-22,0.72813
TOTS3,2015-03-02,0.766062
BRKM5,2019-04-17,3.35566
VIVT3,2017-03-01,0.099965
MOVI3,2018-01-05,0.069513
UGPA3,2015-03-05,0.71
ABEV3,2018-06-18,0.16
SBSP3,2019-04-30,1.159
BBDC4,2018-12-26,0.730202
WEGE3,2010-09-22,0.0470023
BBDC4,2016-03-02,0.0189744
COGN3,2016-08-18,0.106659
GNDI3,2021-05-14,0.28433
EGIE3,2015-08-21,0.476876
SANB4,2011-03-25,0.00150816
ITUB4,2014-02-03,0.0149997
BBDC3,2011-10-04,0.014467
EMBR3,2012-06-26,0.0765
BBDC4,2021-04-02,0.0208714
EMBR3,2017-09-19,0.04
BRML3,2019-08-08,0.825986
MRVE3,2021-01-19,0.207093
LAME4,2016-03-14,0.0181884
ITUB4,2017-06-01,0.015
TOTS3,2016-08-05,0.266529
BRAP4,2016-12-23,0.111003
CVCB3,2014-12-10,0.09975
BRKM5,2012-04-30,0.605085
CRFB3,2019-08-22,0.23692
PETR4,2018-05-22,0.05
TIMS3,2017-11-16,0.078534
ENGI11,2011-08-22,0.252005
SANB4,2019-07-08,0.140403
EMBR3,2012-12-18,0.0425
BBDC4,2013-09-03,0.0207006
BBDC4,2019-11-04,0.018974
BBSE3,2018-08-10,0.788043
ITSA4,2015-02-11,0.194973
WEGE3,2019-07-01,0.042882
UGPA3,2018-03-02,0.9
ITUB4,2015-02-02,0.0149992
BRSR6,2018-12-27,0.10999
BEEF3,2020-11-09,0.257832
GGBR4,2015-03-17,0.07
YDUQ3,2018-11-16,1.33283
MRVE3,2015-05-04,0.387787
WEGE3,2011-09-21,0.0823503
PETR3,2020-04-23,0.233649
BBDC3,2016-06-02,0.0172494
BBDC4,2013-06-04,0.0207006
VIVT3,2017-04-03,0.194377
BBDC4,2021-04-05,0.0189739
ITSA4,2021-03-01,0.02
BRKM5,2011-05-02,0.833247
GGBR4,2021-05-17,0.4
LREN3,2020-06-24,0.070038
BBDC3,2013-11-04,0.0187224
HGTX3,2018-04-10,0.1853
BBDC4,2012-12-04,0.0175946
SUZB3,2011-12-23,0.22619
BRSR6,2011-11-23,0.144345
BBDC4,2015-12-17,0.844478
BRAP4,2014-11-03,0.808894
BRSR6,2011-03-10,0.117952
EZTC3,2016-05-02,0.987511
EGIE3,2012-04-16,0.396282
ITUB4,2011-11-01,0.0119998
CVCB3,2017-05-02,0.149981
EGIE3,2012-08-13,1.06284
FLRY3,2010-08-12,0.061798
GOAU4,2014-11-18,0.04
BBDC3,2012-06-04,0.0159134
KLBN11,2017-02-07,0.142125
TOTS3,2014-08-04,0.133146
UGPA3,2014-02-27,0.71
CMIG4,2021-05-03,0.60897
ECOR3,2012-11-13,0.257773
BBDC4,2021-02-18,0.0218207
HAPV3,2020-04-29,0.016485
HGTX3,2011-04-28,0.16
ENBR3,2012-04-11,1.46726
PETR4,2019-08-13,0.2
CIEL3,2018-03-15,0.390077
CMIG4,2018-05-02,0.497518
BRAP4,2017-04-28,0.472526
ITUB4,2016-12-23,0.471401
B3SA3,2013-05-21,0.762246
UGPA3,2013-08-08,0.66
BRFS3,2016-01-04,0.697359
BRSR6,2010-03-08,0.104314
HYPE3,2020-06-29,0.29349
BBDC3,2011-04-04,0.0131507
VIVT3,2020-03-02,0.149947
LCAM3,2020-01-02,0.079405
WEGE3,2016-12-19,0.0787072
GGBR4,2021-03-12,0.13
VIVT3,2014-08-01,0.2489
BBDC4,2017-12-26,0.829912
RENT3,2015-04-01,0.107094
BRSR6,2010-09-02,0.107153
CSAN3,2015-09-14,1.47835
CSNA3,2013-08-08,0.144036
ITSA4,2018-12-03,0.02
B3SA3,2016-08-23,0.361854
CIEL3,2019-11-06,0.015482
TRPL4,2021-03-31,0.795967
VIVT3,2013-09-02,0.183722
CIEL3,2019-06-28,0.049418
BRSR6,2010-12-16,0.158792
GGBR4,2019-03-07,0.1
CSNA3,2019-05-03,0.65091
PETR3,2020-04-28,0.233649
RADL3,2011-03-22,0.043405
BBDC3,2019-12-03,0.0172486
BBDC3,2010-06-29,0.119476
BBDC3,2015-12-17,0.763809
LREN3,2018-04-20,0.13416
VALE3,2018-08-03,1.48036
WEGE3,2018-07-02,0.039176
ITUB4,2016-12-01,0.015
HGTX3,2019-05-17,0.1268
BBDC3,2017-09-04,0.0172498
KLBN11,2018-02-07,0.162667
WEGE3,2015-06-24,0.0488228
PETR4,2010-12-22,0.2
B3SA3,2019-07-05,0.309609
HGTX3,2014-12-15,0.1395
HGTX3,2019-12-17,0.112
BRAP4,2019-12-30,0.799281
MRVE3,2021-04-30,0.270585
RADL3,2019-06-27,0.162305
ENGI11,2011-03-03,0.148503
BBAS3,2020-03-12,0.18142
CYRE3,2014-04-29,0.423071
CMIG4,2020-09-28,0.0786901
JBSS3,2021-04-29,1.01668
BBDC3,2021-01-05,0.0172491
BBDC3,2018-12-04,0.0172483
SAPR4,2020-07-01,0.102829
FLRY3,2013-11-06,0.116998
BBDC4,2010-11-03,0.0144823
CYRE3,2012-04-30,0.288105
JHSF3,2021-04-01,0.210804
LREN3,2017-09-25,0.0698511
WEGE3,2015-12-16,0.058825
SANB4,2010-03-23,0.000854309
CIEL3,2021-05-03,0.031525
RADL3,2016-12-16,0.15182
CIEL3,2020-01-02,0.021048
BRSR6,2013-09-04,0.150928
ITSA4,2019-09-02,0.02
SANB4,2010-12-23,0.00108053
VALE3,2011-01-17,0.320048
JHSF3,2021-04-05,0.210369
MULT3,2017-06-27,0.552057
BBDC4,2016-11-03,0.0189747
TRPL4,2020-11-05,0.522095
BBAS3,2018-12-12,0.12567
EQTL3,2015-04-20,2.4024
ITSA4,2016-02-19,0.180605
BBDC4,2021-02-02,0.0189739
BBAS3,2019-11-22,0.365042
BBDC3,2011-12-02,0.014467
WEGE3,2013-12-18,0.0847028
WEGE3,2011-03-23,0.0682354
BBDC3,2020-05-05,0.0172491
ITSA4,2010-06-01,0.0136747
BBDC4,2011-01-04,0.014541
QUAL3,2016-11-14,0.897077
MGLU3,2019-01-02,0.592704
ABEV3,2015-03-02,0.09
ITSA4,2010-08-11,0.0594447
EMBR3,2018-06-26,0.02
ITSA4,2010-01-04,0.0290199
ENBR3,2014-04-30,0.707112
BBDC4,2021-03-02,0.0189739
LCAM3,2017-06-28,0.198414
WEGE3,2014-03-26,0.0835266
ITSA4,2011-12-26,0.0949025
ELET6,2019-04-30,1.47131
BBDC4,2017-01-03,0.0189747
ITSA4,2020-06-01,0.02
WEGE3,2019-07-29,0.089102
BRSR6,2014-05-02,0.169697
COGN3,2015-11-13,0.046019
FLRY3,2012-12-18,0.102372
HGTX3,2018-06-08,0.2471
JBSS3,2020-04-29,0.540595
BBAS3,2018-03-13,0.08171
IGTA3,2018-04-20,0.679834
BBDC4,2014-10-02,0.0207006
BBDC3,2021-07-05,0.490007
TUPY3,2019-03-20,0.953686
HAPV3,2020-01-06,0.15969
BBDC4,2017-07-04,0.0189747
BRSR6,2016-12-15,0.041567
HGTX3,2013-10-18,0.3037
CCRO3,2013-09-27,0.68
SAPR4,2014-07-01,0.183771
ITUB4,2013-12-23,0.203599
PETR3,2018-11-22,0.1
USIM5,2011-03-22,0.150599
CIEL3,2018-12-17,0.266189
ABEV3,2014-10-28,0.22
EZTC3,2017-05-02,1.09029
RADL3,2013-06-24,0.041165
VIVT3,2015-05-26,0.170179
ITUB4,2015-03-02,0.0149992
BRSR6,2012-12-19,0.097721
ENGI11,2017-08-15,0.279154
CIEL3,2013-09-16,1.07015
WEGE3,2012-02-15,0.14
BBSE3,2014-02-17,0.58965
CSAN3,2016-12-13,2.9465
BRFS3,2016-03-11,0.121751
BBAS3,2019-08-22,0.446155
HGTX3,2020-07-07,0.2196
SBSP3,2021-04-30,0.3979
BBDC4,2013-04-02,0.0175953
CPLE6,2013-04-26,0.50169
TRPL4,2012-04-17,0.415372
BBDC3,2020-01-03,0.0172486
BBDC4,2019-12-20,0.553717
ITSA4,2020-02-21,0.226
MRFG3,2021-04-12,0.20389
LREN3,2020-12-21,0.075658
EQTL3,2021-05-03,0.72
PCAR3,2015-07-29,0.136365
B3SA3,2020-09-25,2.38984
ITUB4,2020-09-01,0.015
GOAU4,2018-11-22,0.09
BBDC4,2012-04-03,0.0175946
KLBN11,2014-11-11,0.098269
BBAS3,2011-06-22,0.262432
RADL3,2016-03-22,0.144835
LAME4,2014-09-09,0.0298032
TUPY3,2012-05-02,0.84034
CMIG4,2011-05-02,0.833859
TOTS3,2017-04-24,0.045063
ITUB4,2011-12-01,0.0119998
ABEV3,2020-12-18,0.4137
YDUQ3,2018-04-19,0.32551
TUPY3,2017-11-21,0.346895
EGIE3,2019-01-04,0.486562
FLRY3,2018-03-07,0.647735
HYPE3,2017-02-16,0.6
BBDC3,2019-10-18,0.948655
BBAS3,2014-12-12,0.339949
LAME4,2012-01-09,0.011126
PETR3,2018-08-14,0.05
IGTA3,2017-04-27,0.339773
ELET6,2012-05-21,1.698
ENGI11,2019-02-28,0.65
MGLU3,2020-08-03,0.376704
CCRO3,2010-09-21,1.7
FLRY3,2011-08-22,0.137092
ITUB4,2010-09-01,0.0119998
CMIG4,2019-12-26,0.272793
ITUB4,2016-02-01,0.0150002
HYPE3,2011-05-02,0.120572
IGTA3,2020-06-26,0.20547
CSNA3,2020-05-04,0.008871
WEGE3,2021-03-29,0.033824
B3SA3,2018-12-26,0.620775
VIVT3,2014-03-11,0.871008
TIMS3,2020-10-20,0.206542
WEGE3,2010-07-28,0.106997
QUAL3,2020-05-04,0.004212
SANB4,2018-01-08,0.672247
UGPA3,2017-08-17,0.85
EGIE3,2010-05-07,0.12549
PETR4,2010-11-03,0.14
CIEL3,2019-03-29,0.054471
BBDC4,2017-06-02,0.0189747
WEGE3,2012-12-19,0.0590013
BBDC3,2016-12-22,0.256721
PETR3,2012-05-14,0.2
IRBR3,2020-04-17,0.20975
UGPA3,2012-02-23,0.51
ABEV3,2013-02-28,0.63594
LAME4,2014-03-24,0.00288
PETR3,2010-12-22,0.2
JHSF3,2019-04-04,0.116414
RADL3,2013-03-25,0.01029
BBDC3,2010-01-05,0.0119486
TAEE4,2017-12-19,0.090097
PETR4,2021-04-15,0.792834
ECOR3,2017-11-03,0.230739
ITSA4,2011-12-27,0.136972
WEGE3,2017-03-27,0.0652938
BBDC3,2017-03-02,0.0172494
CYRE3,2013-05-02,0.123452
CCRO3,2016-11-10,0.424788
ITSA4,2015-06-01,0.0149012
MRVE3,2014-05-16,0.300584
BPAC11,2019-08-09,0.715004
ITUB4,2019-08-16,0.5476
BBDC4,2015-09-02,0.0189744
CYRE3,2016-04-29,0.279175
LREN3,2012-06-20,0.166175
VALE3,2015-04-15,0.601761
BBDC4,2010-07-02,0.0144797
TUPY3,2018-08-14,0.260096
COGN3,2017-08-18,0.127762
RENT3,2014-04-01,0.0669008
ITUB4,2012-08-01,0.0149997
PCAR3,2014-08-04,0.127272
BRFS3,2016-07-13,0.642347
CVCB3,2017-12-19,0.261628
MULT3,2020-01-02,0.150887
BRSR6,2018-01-05,0.303487
B3SA3,2010-03-31,0.076221
MOVI3,2018-10-29,0.095728
ELET6,2020-05-04,1.74994
EGIE3,2017-08-10,1.43842
EGIE3,2013-11-26,0.375032
PCAR3,2011-11-16,0.081818
ITUB4,2019-04-01,0.015
HYPE3,2020-10-26,0.2929
CIEL3,2018-07-02,0.115127
GOAU4,2012-02-28,0.11
BBDC4,2014-04-02,0.0207006
BBDC4,2020-04-02,0.018974
FLRY3,2020-02-27,0.624283
LAME4,2021-01-05,0.2149
B3SA3,2014-06-13,0.235422
ITUB4,2018-04-02,0.015
WEGE3,2013-02-27,0.205997
RADL3,2020-06-26,0.14854
BBDC3,2017-02-02,0.0172494
BBDC3,2014-11-04,0.0187038
BRFS3,2015-07-01,0.502438
UGPA3,2011-08-18,0.47
PETR3,2018-05-22,0.05
BBDC4,2018-07-02,0.189711
VIVT3,2015-11-03,0.048872
BBAS3,2014-11-17,0.055718
LCAM3,2013-06-20,0.180693
BBAS3,2012-03-23,0.293279
LCAM3,2014-06-20,0.145863
HYPE3,2018-12-26,0.35117
ITSA4,2015-08-13,0.0859318
BRSR6,2018-05-15,0.215905
EGIE3,2020-04-29,1.164
PCAR3,2015-11-03,0.136365
EMBR3,2015-12-22,0.04
KLBN11,2015-07-28,0.18668
VIVT3,2017-10-02,0.169385
ECOR3,2013-05-29,0.451575
LREN3,2011-04-12,1.30381
BBDC3,2011-03-02,0.0131507
ITSA4,2017-12-01,0.0149996
BBDC4,2020-02-04,0.018974
TUPY3,2014-04-14,0.174417
USIM5,2018-04-26,0.047531
BBDC3,2012-09-04,0.0159134
CPFE3,2010-03-09,1.29026
VVAR3,2017-12-18,0.027035
BBDC3,2021-07-02,0.017249
YDUQ3,2011-04-20,0.467361
SANB4,2014-06-26,0.055551
MULT3,2016-07-01,0.504831
BRAP4,2012-11-01,0.6502
SAPR4,2019-04-25,0.200013
MGLU3,2012-05-02,0.014848
TOTS3,2016-04-27,0.406593
BBDC4,2012-07-03,0.0175946
HAPV3,2021-05-06,0.002525
GOAU4,2013-11-12,0.16
TRPL4,2019-11-11,0.784661
CRFB3,2020-08-24,0.242796
WEGE3,2016-09-26,0.0581386
ITUB4,2015-06-01,0.0149992
EMBR3,2010-12-21,0.2
EMBR3,2016-03-22,0.04
UGPA3,2019-08-23,0.2
EZTC3,2019-04-29,0.16988
WEGE3,2015-02-25,0.207646
ABEV3,2015-09-09,0.15
PETR4,2012-01-03,0.1773
ITSA4,2021-03-26,0.01908
BBDC4,2019-07-02,0.018974
ELET3,2019-04-30,0.858499
ENBR3,2015-12-22,0.030253
BBDC3,2015-06-02,0.0171616
SUZB3,2011-05-02,0.03158
ITUB4,2010-08-02,0.0119998
BBAS3,2017-06-13,0.078574
BBDC3,2021-03-02,0.0172491
BBDC3,2021-04-05,0.0172491
BBDC3,2019-03-06,0.0172483
CPFE3,2010-08-19,1.5216
EMBR3,2011-03-28,0.06
BBSE3,2016-02-24,0.837775
BBDC4,2021-05-04,0.018974
BBAS3,2020-11-17,0.194773
BBDC3,2011-06-28,0.154731
TIMS3,2019-01-03,0.156997
HGTX3,2016-05-31,0.2616
ITUB4,2012-11-01,0.0149997
ITUB4,2019-06-03,0.015
B3SA3,2010-05-03,0.370809
SULA4,2019-12-19,0.0945123
COGN3,2018-08-21,0.109154
BRAP4,2020-11-12,2.0034
EZTC3,2015-05-04,1.10557
ITSA4,2018-12-18,0.0081
CSNA3,2011-05-02,0.24472
BBAS3,2012-02-22,0.156996
SULA4,2018-04-02,0.0546306
VIVT3,2019-05-02,0.316556
RADL3,2014-03-24,0.023395
GOAU4,2010-11-17,0.18
HGTX3,2011-12-12,0.1
ITUB4,2021-07-01,0.015
BBDC4,2019-03-06,0.0189733
RADL3,2018-12-17,0.170035
ABEV3,2012-03-01,0.75248
BRSR6,2012-05-02,0.162864
ITSA4,2017-03-01,0.0149996
BPAC11,2020-01-07,0.62042
SANB4,2018-07-05,0.084145
TRPL4,2021-07-07,0.502542
GGBR4,2020-12-22,0.17
RENT3,2013-03-21,0.0733645
LREN3,2013-12-19,0.118544
ITUB4,2016-08-01,0.0150002
ITUB4,2015-11-03,0.0150002
LAME4,2018-01-05,0.074803
ITUB4,2013-05-02,0.0149997
MRVE3,2018-05-29,0.349988
B3SA3,2021-01-04,1.6722
ITUB4,2020-05-04,0.015
CRFB3,2018-05-04,0.098613
BBAS3,2013-03-12,0.264928
CPFE3,2014-09-05,0.414764
ITUB4,2018-12-28,0.0106
BBDC4,2011-10-04,0.0159951
SUZB3,2010-08-11,0.122681
JHSF3,2012-01-26,0.139988
BBDC3,2019-01-03,0.0172483
LREN3,2016-06-23,0.0636726
RENT3,2015-05-04,0.214032
BRAP4,2014-04-29,0.363465
MRVE3,2018-04-23,0.35
B3SA3,2021-03-29,0.343449
B3SA3,2015-12-14,0.757539
BRSR6,2016-09-08,0.190873
ITUB4,2013-11-01,0.0149997
ITUB4,2015-08-03,0.0150002
VIVT3,2012-01-02,0.514966
JBSS3,2018-05-02,0.046776
BBAS3,2020-02-26,0.438882
TIMS3,2017-04-20,0.061425
